miRDeep2 score	novel miRNAs reported by miRDeep2	novel miRNAs, estimated false positives	novel miRNAs, estimated true positives	known miRNAs in species	known miRNAs in data	known miRNAs detected by miRDeep2	estimated signal-to-noise	excision gearing
10	128	6 +/- 3	122 +/- 3 (95 +/- 2%)	49415	122	9 (7%)	20.9	1
9	129	6 +/- 3	123 +/- 3 (95 +/- 2%)	49415	122	9 (7%)	20.5	1
8	132	7 +/- 3	125 +/- 3 (95 +/- 2%)	49415	122	9 (7%)	20	1
7	133	7 +/- 3	126 +/- 3 (95 +/- 2%)	49415	122	9 (7%)	19.5	1
6	133	7 +/- 3	126 +/- 3 (95 +/- 2%)	49415	122	9 (7%)	18.6	1
5	138	8 +/- 3	130 +/- 3 (95 +/- 2%)	49415	122	9 (7%)	18.4	1
4	143	8 +/- 3	135 +/- 3 (94 +/- 2%)	49415	122	9 (7%)	18.1	1
3	161	9 +/- 3	152 +/- 3 (94 +/- 2%)	49415	122	9 (7%)	17.7	1
2	290	13 +/- 4	277 +/- 4 (95 +/- 1%)	49415	122	95 (78%)	22.4	1
1	396	27 +/- 5	369 +/- 5 (93 +/- 1%)	49415	122	107 (88%)	14.7	1
0	466	66 +/- 9	400 +/- 9 (86 +/- 2%)	49415	122	107 (88%)	7.1	1
-1	536	128 +/- 10	408 +/- 10 (76 +/- 2%)	49415	122	107 (88%)	4.2	1
-2	654	199 +/- 13	455 +/- 13 (70 +/- 2%)	49415	122	107 (88%)	3.3	1
-3	963	298 +/- 15	665 +/- 15 (69 +/- 2%)	49415	122	107 (88%)	3.2	1
-4	1337	514 +/- 20	823 +/- 20 (62 +/- 1%)	49415	122	107 (88%)	2.6	1
-5	1619	1015 +/- 25	604 +/- 25 (37 +/- 2%)	49415	122	107 (88%)	1.6	1
-6	1807	1807 +/- 34	15 +/- 18 (1 +/- 1%)	49415	122	107 (88%)	1	1
-7	1988	2673 +/- 48	0 +/- 0 (0 +/- 0%)	49415	122	107 (88%)	0.7	1
-8	2422	3485 +/- 50	0 +/- 0 (0 +/- 0%)	49415	122	107 (88%)	0.7	1
-9	3082	4196 +/- 56	0 +/- 0 (0 +/- 0%)	49415	122	107 (88%)	0.7	1
-10	3734	4802 +/- 65	0 +/- 0 (0 +/- 0%)	49415	122	107 (88%)	0.8	1



novel miRNAs predicted by miRDeep2
provisional id	miRDeep2 score	estimated probability that the miRNA candidate is a true positive	rfam alert	total read count	mature read count	loop read count	star read count	significant randfold p-value	miRBase miRNA	example miRBase miRNA with the same seed	UCSC browser	NCBI blastn	consensus mature sequence	consensus star sequence	consensus precursor sequence	precursor coordinate
chromosome_7_53331	10655	95 +/- 2%	-	20896	20776	0	120	yes	-	-	-	-	acaaguucggaucuacgggu	ccauggagccgaacuugu	ccauggagccgaacuuguggagaaaaaucccacaaguucggaucuacgggu	chromosome_7:21599199..21599250:+
chromosome_14_187347	5178.6	95 +/- 2%	-	10154	8998	0	1156	yes	-	-	-	-	uuaaagacggaucugcacccuuu	gggugcagauccgucuuugaau	uuaaagacggaucugcacccuuuuuuaagagggugcagauccgucuuugaau	chromosome_14:53448667..53448719:-
chromosome_14_162190	4077.9	95 +/- 2%	-	8010	5389	13	2608	no	-	-	-	-	gagguccggacgguugaggguuauc	caccccucucccacucacuugaccucaua	gagguccggacgguugaggguuaucucaaacugaauucugaaccaccccucucccacucacuugaccucaua	chromosome_14:10589681..10589753:-
chromosome_10_87702	3985	95 +/- 2%	-	7814	7718	0	96	yes	-	-	-	-	uaagaaguacaagugguaggg	cugccacuuguauuuucuucca	cugccacuuguauuuucuuccacguucaucgauguaagaaguacaagugguaggg	chromosome_10:11981322..11981377:-
chromosome_10_85362	2130.1	95 +/- 2%	-	4177	4136	0	41	yes	-	-	-	-	ucuaggcugguuacuuuacagu	uuguaaacuaagcagcuuaaacc	ucuaggcugguuacuuuacaguuauuaucauuguaaacuaagcagcuuaaacc	chromosome_10:30943333..30943386:+
chromosome_10_85370	2130.1	95 +/- 2%	-	4177	4136	0	41	yes	-	-	-	-	ucuaggcugguuacuuuacagu	uuguaaacuaagcagcuuaaacc	ucuaggcugguuacuuuacaguuauuaucauuguaaacuaagcagcuuaaacc	chromosome_10:30952333..30952386:+
chromosome_10_85326	2129.4	95 +/- 2%	-	4176	4136	0	40	yes	-	-	-	-	ucuaggcugguuacuuuacagu	uuguaaacuaagcagcuuaaacc	ucuaggcugguuacuuuacaguuauuaucauuguaaacuaagcagcuuaaacc	chromosome_10:30762030..30762083:+
chromosome_13_131160	1419.9	95 +/- 2%	-	2786	2727	0	59	yes	-	-	-	-	ucagaaagagaaugaacaccaga	ugguguccaucuucuaucuaacu	ugguguccaucuucuaucuaacuguuguugucagaaagagaaugaacaccaga	chromosome_13:39611470..39611523:-
chromosome_10_81840	1368.3	95 +/- 2%	-	2682	2680	0	2	yes	-	-	-	-	uuaucgaauacuuugaugcagu	guguaucaauuuguucgacaau	uuaucgaauacuuugaugcaguguuuacaguguaucaauuuguucgacaau	chromosome_10:12463653..12463704:+
chromosome_3_17913	1259.4	95 +/- 2%	-	2467	2442	0	25	yes	-	-	-	-	uaacuugauacugcauagcu	ugugccugucgaguuaugaca	ugugccugucgaguuaugacacuugcagccuaacuugauacugcauagcu	chromosome_3:4941281..4941331:-
chromosome_5_37057	1103.6	95 +/- 2%	-	2164	2109	0	55	yes	-	-	-	-	uuugcaaguagauagucacagc	cugucacuaucuacuugaauu	uuugcaaguagauagucacagccuuuaacccugucacuaucuacuugaauu	chromosome_5:13785890..13785941:-
chromosome_5_37055	1103.6	95 +/- 2%	-	2164	2109	0	55	yes	-	-	-	-	uuugcaaguagauagucacagc	cugucacuaucuacuugaauu	uuugcaaguagauagucacagccuuuaacccugucacuaucuacuugaauu	chromosome_5:13785738..13785789:-
chromosome_4_28827	954.9	95 +/- 2%	-	1870	1111	0	759	yes	-	-	-	-	uggcuuggaguucuagugauuga	auucacugaacuccaaaccuga	uggcuuggaguucuagugauugauucacugauucacugaacuccaaaccuga	chromosome_4:21652226..21652278:-
chromosome_4_28799	954.9	95 +/- 2%	-	1870	1111	0	759	yes	-	-	-	-	uggcuuggaguucuagugauuga	auucacugaacuccaaaccuga	uggcuuggaguucuagugauugauucacugauucacugaacuccaaaccuga	chromosome_4:21643421..21643473:-
chromosome_13_128764	910.2	95 +/- 2%	-	1783	1512	0	271	yes	-	-	-	-	ucagucgcugcaauuucauuacg	uagugaaauuguagcggcuuaua	uagugaaauuguagcggcuuauauugacuaucagucgcugcaauuucauuacg	chromosome_13:25927757..25927810:-
chromosome_4_21031	551.8	95 +/- 2%	-	1081	1079	0	2	yes	-	-	-	-	ucaagucuaggcugguuagu	uauaccaacauaggcuuuuca	uauaccaacauaggcuuuucauguuuauuuugucaagucuaggcugguuagu	chromosome_4:1651021..1651073:+
chromosome_4_28824	523.5	95 +/- 2%	-	1023	999	0	24	yes	-	-	-	-	uagguuuggaguuccaguga	acuggacuccaaaccugauu	uagguuuggaguuccagugauuuauucacuggacuccaaaccugauu	chromosome_4:21651455..21651502:-
chromosome_4_28796	523.5	95 +/- 2%	-	1023	999	0	24	yes	-	-	-	-	uagguuuggaguuccaguga	acuggacuccaaaccugauu	uagguuuggaguuccagugauuuauucacuggacuccaaaccugauu	chromosome_4:21642650..21642697:-
chromosome_4_28810	523.5	95 +/- 2%	-	1023	999	0	24	yes	-	-	-	-	uagguuuggaguuccaguga	acuggacuccaaaccugauu	uagguuuggaguuccagugauuuauucacuggacuccaaaccugauu	chromosome_4:21645471..21645518:-
chromosome_4_28838	523.4	95 +/- 2%	-	1023	999	0	24	yes	-	-	-	-	uagguuuggaguuccaguga	acuggacuccaaaccugauu	uagguuuggaguuccagugauuuauucacuggacuccaaaccugauu	chromosome_4:21654280..21654327:-
chromosome_4_28835	521.7	95 +/- 2%	-	1020	996	0	24	yes	-	-	-	-	uagguuuggaguuccaguga	acuggacuccaaaccugauu	uagguuuggaguuccagugauuuacucacuggacuccaaaccugauu	chromosome_4:21653739..21653786:-
chromosome_4_28807	521.7	95 +/- 2%	-	1020	996	0	24	yes	-	-	-	-	uagguuuggaguuccaguga	acuggacuccaaaccugauu	uagguuuggaguuccagugauuuacucacuggacuccaaaccugauu	chromosome_4:21644930..21644977:-
chromosome_4_24333	483.6	95 +/- 2%	-	946	945	0	1	yes	-	-	-	-	ucacuggaacuccaaaccua	agguuuggaguccagugaa	agguuuggaguccagugaauaaaucacuggaacuccaaaccua	chromosome_4:21654284..21654327:+
chromosome_4_24289	483.6	95 +/- 2%	-	946	945	0	1	yes	-	-	-	-	ucacuggaacuccaaaccua	agguuuggaguccagugaa	agguuuggaguccagugaauaaaucacuggaacuccaaaccua	chromosome_4:21642654..21642697:+
chromosome_4_24303	483.6	95 +/- 2%	-	946	945	0	1	yes	-	-	-	-	ucacuggaacuccaaaccua	agguuuggaguccagugaa	agguuuggaguccagugaauaaaucacuggaacuccaaaccua	chromosome_4:21645475..21645518:+
chromosome_4_24319	483.6	95 +/- 2%	-	946	945	0	1	yes	-	-	-	-	ucacuggaacuccaaaccua	agguuuggaguccagugaa	agguuuggaguccagugaauaaaucacuggaacuccaaaccua	chromosome_4:21651459..21651502:+
chromosome_4_24301	483.5	95 +/- 2%	-	946	945	0	1	yes	-	-	-	-	ucacuggaacuccaaaccua	agguuuggaguccagugagu	agguuuggaguccagugaguaaaucacuggaacuccaaaccua	chromosome_4:21644934..21644977:+
chromosome_4_24331	483.5	95 +/- 2%	-	946	945	0	1	yes	-	-	-	-	ucacuggaacuccaaaccua	agguuuggaguccagugagu	agguuuggaguccagugaguaaaucacuggaacuccaaaccua	chromosome_4:21653743..21653786:+
chromosome_4_24334	483.4	95 +/- 2%	-	946	945	0	1	yes	-	-	-	-	ucacuggaacuccaaaccua	agguuuggaguccagugaa	agguuuggaguccagugaauaaaucacuggaacuccaaaccua	chromosome_4:21654284..21654327:+
chromosome_4_24304	483.4	95 +/- 2%	-	946	945	0	1	yes	-	-	-	-	ucacuggaacuccaaaccua	agguuuggaguccagugaa	agguuuggaguccagugaauaaaucacuggaacuccaaaccua	chromosome_4:21645475..21645518:+
chromosome_4_24290	483.4	95 +/- 2%	-	946	945	0	1	yes	-	-	-	-	ucacuggaacuccaaaccua	agguuuggaguccagugaa	agguuuggaguccagugaauaaaucacuggaacuccaaaccua	chromosome_4:21642654..21642697:+
chromosome_4_24320	483.4	95 +/- 2%	-	946	945	0	1	yes	-	-	-	-	ucacuggaacuccaaaccua	agguuuggaguccagugaa	agguuuggaguccagugaauaaaucacuggaacuccaaaccua	chromosome_4:21651459..21651502:+
chromosome_4_24340	441.7	95 +/- 2%	-	864	842	0	22	yes	-	-	-	-	aagucaaucgucuucuguuccauu	ggaacagagaacaauugaccuga	aagucaaucgucuucuguuccauuucaaauggaacagagaacaauugaccuga	chromosome_4:21660775..21660828:+
chromosome_6_40991	427.1	95 +/- 2%	-	834	819	0	15	yes	-	-	-	-	uuuggguguucuagacgugaucg	auuacgucuagaacacugaaaga	auuacgucuagaacacugaaagauucaaucuuuggguguucuagacgugaucg	chromosome_6:9195246..9195299:+
chromosome_5_37059	415.4	95 +/- 2%	-	813	806	0	7	yes	-	-	-	-	auuucaaguagauaguucacagcc	cugucacuaucuauuugaauuga	auuucaaguagauaguucacagccuuuaacccugucacuaucuauuugaauuga	chromosome_5:13786041..13786095:-
chromosome_2_6607	413.8	95 +/- 2%	-	824	823	0	1	no	-	-	-	-	uguugcagaugacuuuccaugaaga	uuacauguuggccgcuuggacauuauc	uuacauguuggccgcuuggacauuaucaaugaauuuaauguugcagaugacuuuccaugaaga	chromosome_2:87025..87088:+
chromosome_4_28831	413.2	95 +/- 2%	-	810	752	0	58	yes	-	-	-	-	auucacugaacuccaaaccuga	uuguuuggaguucuauugauuu	uuguuuggaguucuauugauuuauucacuaauucacugaacuccaaaccuga	chromosome_4:21652977..21653029:-
chromosome_4_28803	413.2	95 +/- 2%	-	810	752	0	58	yes	-	-	-	-	auucacugaacuccaaaccuga	uuguuuggaguucuauugauuu	uuguuuggaguucuauugauuuauucacuaauucacugaacuccaaaccuga	chromosome_4:21644167..21644219:-
chromosome_7_55513	402.5	95 +/- 2%	-	789	466	0	323	yes	-	-	-	-	ugugcuuaaucuuggacuugaaua	uucaagagcugagauuaagucgcc	ugugcuuaaucuuggacuugaauauuuaauauucaagagcugagauuaagucgcc	chromosome_7:4792667..4792722:-
chromosome_5_32171	380.4	95 +/- 2%	-	744	742	0	2	yes	-	-	-	-	ggcugugaacuaucuacuugaaau	auucaaauagauagugaca	auucaaauagauagugacaggguuaaaggcugugaacuaucuacuugaaau	chromosome_5:13786044..13786095:+
chromosome_6_40314	338.2	95 +/- 2%	-	670	626	0	44	yes	-	-	-	-	ugauguaagagcuugaacuucuu	aaaguuaaagcuuugacaucug	ugauguaagagcuugaacuucuuuuucaaaaaguuaaagcuuugacaucug	chromosome_6:4849435..4849486:+
chromosome_6_39604	337.7	95 +/- 2%	-	660	590	0	70	yes	-	-	-	-	uaugggucgauugagucugggg	ucagacucacucaacccaaaaac	uaugggucgauugagucugggguuuaaccucagacucacucaacccaaaaac	chromosome_6:197508..197560:+
chromosome_7_58826	320.9	95 +/- 2%	-	628	418	0	210	yes	-	-	-	-	cauccaccacuccuauucccacu	aggaauagcaaugguagaccacg	aggaauagcaaugguagaccacgugauuaucaugucauccaccacuccuauucccacu	chromosome_7:26379873..26379931:-
chromosome_6_45470	291	95 +/- 2%	-	572	571	0	1	yes	-	-	-	-	aagaaguucaagcucuuacauca	gaugucaaagcuuuaacuuu	gaugucaaagcuuuaacuuuuugaaaaagaaguucaagcucuuacauca	chromosome_6:4849435..4849484:-
chromosome_6_46143	284.1	95 +/- 2%	-	554	521	0	33	yes	-	-	-	-	uuugcacuggcagauguucgauu	ucggaacaucugccagugcaauau	uuugcacuggcagauguucgauuuuuaaaaucggaacaucugccagugcaauau	chromosome_6:9302216..9302270:-
chromosome_8_64445	281.7	95 +/- 2%	-	559	554	0	5	yes	-	-	-	-	agagaacgauggaaaaagacaa	uguacuuugccauuguccagu	agagaacgauggaaaaagacaauuuaaaauuguacuuugccauuguccagu	chromosome_8:223833..223884:-
chromosome_6_41019	251.6	95 +/- 2%	-	490	475	0	15	yes	-	-	-	-	aaucgaacaucugccagugcaaa	auugcacuggcagauguuccga	auugcacuggcagauguuccgauuuuaaaaaucgaacaucugccagugcaaa	chromosome_6:9302218..9302270:+
chromosome_14_137921	230.1	95 +/- 2%	-	485	391	0	94	no	-	-	-	-	uggcucaaucagacauugcuaa	uagauagacgucaaaucuuugagaauugag	uagauagacgucaaaucuuugagaauugagauaaacaauggcucaaucagacauugcuaa	chromosome_14:19562916..19562976:+
chromosome_14_182143	195.1	95 +/- 2%	-	378	207	0	171	yes	-	-	-	-	ucgccccuaagaacgacugugug	uacacagucguucuuaggggcga	uacacagucguucuuaggggcgauuugguucacucguggggaggaguguaacgugaucgccccuaagaacgacugugug	chromosome_14:32482791..32482870:-
chromosome_10_81835	181.1	95 +/- 2%	-	355	297	0	58	yes	-	-	-	-	uacauaugauauagaauuccaca	uggauuucuuuacuauaugugcaa	uggauuucuuuacuauaugugcaauuuaauuuuacauaugauauagaauuccaca	chromosome_10:12450165..12450220:+
chromosome_14_181353	166.7	95 +/- 2%	-	345	342	0	3	no	-	-	-	-	ugcugguuuuguggacgaugccaua	uaacgaacguaaacauaaaucaagcgaa	ugcugguuuuguggacgaugccauacuuugcuuuggcaacaacaaggccacaaggauaacgaacguaaacauaaaucaagcgaa	chromosome_14:31684811..31684895:-
chromosome_5_37053	162.5	95 +/- 2%	-	318	263	0	55	yes	-	-	-	-	auuucaaguagauaguccacagcc	cugucacuaucuacuugaauu	auuucaaguagauaguccacagccuuuaacccugucacuaucuacuugaauu	chromosome_5:13785430..13785482:-
chromosome_9_75009	138.3	95 +/- 2%	-	270	239	0	31	yes	-	-	-	-	uaacaguacaggaucggauuuacu	acccccauccuauacuguaacc	uaacaguacaggaucggauuuacuuaauguacccccauccuauacuguaacc	chromosome_9:2864913..2864965:-
chromosome_9_75013	138.1	95 +/- 2%	-	270	239	0	31	yes	-	-	-	-	uaacaguacaggaucggauuuacu	uaccccauccuauacuguuacc	uaacaguacaggaucggauuuacuuaguguaccccauccuauacuguuacc	chromosome_9:2865528..2865579:-
chromosome_13_117925	118.7	95 +/- 2%	-	231	230	0	1	yes	-	-	-	-	acaaacaugacuguacaucgaau	acacuguacagucauguuac	acacuguacagucauguuacuacauuauguacaaacaugacuguacaucgaau	chromosome_13:9868555..9868608:+
chromosome_13_125745	112.3	95 +/- 2%	-	218	217	0	1	yes	-	-	-	-	auucgauguacagucauguuugu	guaacaugacuguacagugu	auucgauguacagucauguuuguacauaauguaguaacaugacuguacagugu	chromosome_13:9868555..9868608:-
chromosome_6_46186	100.6	95 +/- 2%	-	195	190	0	5	yes	-	-	-	-	uacuguuaggagauuagugaaua	uuuacuaaucuuccagcaguau	uuuacuaaucuuccagcaguauauucacuauacuguuaggagauuagugaaua	chromosome_6:9744612..9744665:-
chromosome_6_46170	100.5	95 +/- 2%	-	195	190	0	5	yes	-	-	-	-	uacuguuaggagauuagugaaua	uuuacuaaucuuccagcaguau	uuuacuaaucuuccagcaguauauucacuauacuguuaggagauuagugaaua	chromosome_6:9688477..9688530:-
chromosome_4_28816	96	95 +/- 2%	-	185	172	0	13	yes	-	-	-	-	acugaacuccaaacaugauu	auuuuguuuggaguuccagu	auuuuguuuggaguuccaguguuuuaugcacugaacuccaaacaugauu	chromosome_4:21646992..21647041:-
chromosome_12_105245	94.8	95 +/- 2%	-	186	184	0	2	yes	-	-	-	-	uauuucucggccauauacacuuu	aguguacauggcuguauaaua	aguguacauggcuguauaauaauauuguuaauuauuucucggccauauacacuuu	chromosome_12:23068971..23069026:+
chromosome_1_4083	94.5	95 +/- 2%	-	182	148	0	34	yes	-	-	-	-	uuuccaacacucccucguacucg	aguacgaggguguguucgaaaug	aguacgaggguguguucgaaauguuaaacauuuccaacacucccucguacucg	chromosome_1:5763338..5763391:-
chromosome_5_39108	90.7	95 +/- 2%	-	176	77	0	99	yes	-	-	-	-	ugaugucccaaauuuguugaaau	ucaacaaauuguagucauccaca	ucaacaaauuguagucauccacagauuuaucugugaugucccaaauuuguugaaau	chromosome_5:26744889..26744945:-
chromosome_6_41070	90.4	95 +/- 2%	-	178	176	0	2	yes	-	-	-	-	uauucacuaaucuccuaacagua	ugcuggaagauuaguaaa	uauucacuaaucuccuaacaguauagugaauauacugcuggaagauuaguaaa	chromosome_6:9744612..9744665:+
chromosome_6_41060	89.8	95 +/- 2%	-	178	176	0	2	yes	-	-	-	-	uauucacuaaucuccuaacagua	ugcuggaagauuaguaaa	uauucacuaaucuccuaacaguauagugaauauacugcuggaagauuaguaaa	chromosome_6:9688477..9688530:+
chromosome_7_50126	89.7	95 +/- 2%	-	174	173	0	1	yes	-	-	-	-	acuuggaugaaaagugaauacgc	uguauucacuuucaucuagucc	acuuggaugaaaagugaauacgcuauuucguguauucacuuucaucuagucc	chromosome_7:1865379..1865431:+
chromosome_5_36084	84	95 +/- 2%	-	165	131	0	34	yes	-	-	-	-	aucuuagagcaauaaggaucaga	uggucuuuaucacucuaaaauug	uggucuuuaucacucuaaaauugauuaccaaucuuagagcaauaaggaucaga	chromosome_5:8149587..8149640:-
chromosome_14_164539	79.4	95 +/- 2%	-	154	153	0	1	yes	-	-	-	-	uauggcagcuguuuuggaucaaa	ugauucaaaacauuugccuuuac	uauggcagcuguuuuggaucaaaucuuugaggugauucaaaacauuugccuuuac	chromosome_14:16793103..16793158:-
chromosome_12_105244	69	95 +/- 2%	-	133	121	0	12	yes	-	-	-	-	aguguucauggcuguguaauaau	uauuucucagccaugaaaacug	aguguucauggcuguguaauaauuuuuaauuauuucucagccaugaaaacug	chromosome_12:23068728..23068780:+
chromosome_1_5375	68.2	95 +/- 2%	-	133	132	0	1	yes	-	-	-	-	uaaucuugacacagacuggca	accauccuuuguuaagauaacu	uaaucuugacacagacuggcaauuuugauaauuaccauccuuuguuaagauaacu	chromosome_1:14412106..14412161:-
chromosome_13_128765	60.8	95 +/- 2%	-	117	108	0	9	yes	-	-	-	-	aaucuuaaguaaguuccaucacua	gugucggaaccuacuugggacc	aaucuuaaguaaguuccaucacuauuuaguagugucggaaccuacuugggacc	chromosome_13:25931007..25931060:-
chromosome_13_128697	59.5	95 +/- 2%	-	113	71	0	42	yes	-	-	-	-	ugucaaucgucuucaaguacau	guacuugaagucgauugacaug	ugucaaucgucuucaaguacauguaacauguacuugaagucgauugacaug	chromosome_13:25495292..25495343:-
chromosome_2_9371	54.5	95 +/- 2%	-	104	101	0	3	yes	-	-	-	-	aacaguagucauucccacagg	ugugggaauugcuuacagacuucc	ugugggaauugcuuacagacuuccuuaauggaacaguagucauucccacagg	chromosome_2:17773529..17773581:+
chromosome_9_74605	52.6	95 +/- 2%	-	100	74	0	26	yes	-	-	-	-	uguaaauuugagugaaaggaaau	uuccuuucacuuaauuucacguu	uuccuuucacuuaauuucacguuuaaaaauguaaauuugagugaaaggaaau	chromosome_9:873423..873475:-
chromosome_1_410	48.2	95 +/- 2%	-	91	74	0	17	yes	-	-	-	-	uaauaguaagugcacgcuuguu	caagggugcacuugcuguaug	uaauaguaagugcacgcuuguuuuuagaacaagggugcacuugcuguaug	chromosome_1:2984918..2984968:+
chromosome_14_185287	48.1	95 +/- 2%	-	92	71	0	21	yes	-	-	-	-	uggcuacaagaacauguccuuc	ggguacauguuccuguagaaacu	uggcuacaagaacauguccuucauuuaaugggguacauguuccuguagaaacu	chromosome_14:41093474..41093527:-
chromosome_1_4252	46.4	95 +/- 2%	-	88	53	0	35	yes	-	-	-	-	uccaaaacuuaagcuuauuaac	uaauaagcuuaaguuuuggaua	uccaaaacuuaagcuuauuaaccuugucuuaauaagcuuaaguuuuggaua	chromosome_1:7941836..7941887:-
chromosome_7_58212	45.4	95 +/- 2%	-	86	82	0	4	yes	-	-	-	-	ucucuuucauuucuuucccaacua	aguugggaaauaaaugaaa	aguugggaaauaaaugaaagagaauaauucucuuucauuucuuucccaacua	chromosome_7:21849256..21849308:-
chromosome_6_41177	45.3	95 +/- 2%	-	84	79	0	5	yes	-	-	-	-	gcagacgaucgcagagaauaga	cuauucucugcgaucguau	gcagacgaucgcagagaauagaaccaaguucuauucucugaaccaaguucuauucucugcgaucguau	chromosome_6:10294044..10294112:+
chromosome_1_1059	44.5	95 +/- 2%	-	84	53	0	31	yes	-	-	-	-	uaauaagcuuaaguuuuggaua	auccaaaacuuaagcuuauua	auccaaaacuuaagcuuauuaagacaagguuaauaagcuuaaguuuuggaua	chromosome_1:7941837..7941889:+
chromosome_13_126856	43.3	95 +/- 2%	-	83	35	0	48	yes	-	-	-	-	cacagaguuugggugucuga	aaacaccugaacccugugaaa	cacagaguuugggugucugaaucaauuuggaugucaaacaccugaacccugugaaa	chromosome_13:15058234..15058290:-
chromosome_13_122754	43.2	95 +/- 2%	-	81	76	0	5	yes	-	-	-	-	aaagaaagcccugaccaccuuc	gggugguaggggguuucuuugug	aaagaaagcccugaccaccuucucuuaaugugagggugguaggggguuucuuugug	chromosome_13:36030296..36030352:+
chromosome_1_5737	41.4	95 +/- 2%	-	81	78	0	3	yes	-	-	-	-	uagagguagaaccucaaugagca	cucauugauguuccaccuuaca	uagagguagaaccucaaugagcaguuauuccucauugauguuccaccuuaca	chromosome_1:16932605..16932657:-
chromosome_8_61578	40.2	95 +/- 2%	-	76	75	0	1	yes	-	-	-	-	aucgccccgaucgucucugu	ucguaggcgaucgaagcgauuggaagc	aucgccccgaucgucucugucgcuucugccguuugcaaauucugaggcgaucguaggcgaucgaagcgauuggaagc	chromosome_8:12352176..12352253:+
chromosome_3_17822	32.8	95 +/- 2%	-	61	38	0	23	yes	-	-	-	-	gguauggggcuaacuugguaaca	uagcaagcuagccacaaaccu	uagcaagcuagccacaaaccuauuuaauagguauggggcuaacuugguaaca	chromosome_3:4419759..4419811:-
chromosome_5_36773	32.4	95 +/- 2%	-	64	63	0	1	yes	-	-	-	-	ugcaguuccuguacauuucuua	agaaauuuacagaaacuacaua	ugcaguuccuguacauuucuuaguaauuaagaaauuuacagaaacuacaua	chromosome_5:12612078..12612129:-
chromosome_14_157614	31.2	95 +/- 2%	-	60	29	0	31	yes	-	-	-	-	acucgucugauucaauaucuuu	cgauauugugugagacgagu	acucgucugauucaauaucuuuauuauaacgauauugugugagacgagu	chromosome_14:44009496..44009545:+
chromosome_9_75017	30.4	95 +/- 2%	-	60	52	0	8	yes	-	-	-	-	uacaguacaggaucggauuuau	ugcccuauccuauacugucacc	uacaguacaggaucggauuuauuuuaagugugcccuauccuauacugucacc	chromosome_9:2866009..2866061:-
chromosome_12_106965	28.9	95 +/- 2%	-	60	58	0	2	yes	-	-	-	-	uuaugucuuuaccaaaccugcga	caguuuuggaaaaguuauagu	caguuuuggaaaaguuauaguaauuauuauuaugucuuuaccaaaccugcga	chromosome_12:29812282..29812334:+
chromosome_7_53922	28	95 +/- 2%	-	53	40	0	13	yes	-	-	-	-	uaauucucccuguuuaucacau	augaaaaacagggagaauaaua	uaauucucccuguuuaucacauaauuauuauaugaaaaacagggagaauaaua	chromosome_7:25849968..25850021:+
chromosome_14_156507	27.6	95 +/- 2%	-	52	29	0	23	yes	-	-	-	-	guauuaggaaucaugcucugcu	uagagcacgauuuaugauacucau	uagagcacgauuuaugauacucauaucaguauuaggaaucaugcucugcu	chromosome_14:38347606..38347656:+
chromosome_14_140547	27.6	95 +/- 2%	-	52	48	0	4	yes	-	-	-	-	caagcgugcauuauuuucuaau	aagaaaauaaugcacuuuugagg	aagaaaauaaugcacuuuugagguagaccucaagcgugcauuauuuucuaau	chromosome_14:21497264..21497316:+
chromosome_7_53892	27.3	95 +/- 2%	-	54	40	0	14	yes	-	-	-	-	uaauucucccuguuuaucacau	augaaaaacagggagaauaaua	uaauucucccuguuuaucacauaauuauuacugacaugaaaaacagggagaauaaua	chromosome_7:25586997..25587054:+
chromosome_12_105374	26.4	95 +/- 2%	-	48	40	0	8	yes	-	-	-	-	uaggauguauuggaacuuucaaua	uugaaaguuccaaucauccua	uaggauguauuggaacuuucaauaauuauuauugaaaguuccaaucauccua	chromosome_12:23771275..23771327:+
chromosome_13_131008	26.4	95 +/- 2%	-	50	38	0	12	yes	-	-	-	-	aguugaucgucaaauauguugu	aaaauauuugacgauaaacuuu	aaaauauuugacgauaaacuuuuuaaaaguugaucgucaaauauguugu	chromosome_13:38827816..38827865:-
chromosome_13_129657	24.8	95 +/- 2%	-	46	39	0	7	yes	-	-	-	-	acauguaacaguaaaucagaggu	ucugacuuacuguugcauguac	ucugacuuacuguugcauguacuucauauacauguaacaguaaaucagaggu	chromosome_13:30863783..30863835:-
chromosome_14_168841	24.8	95 +/- 2%	-	46	44	0	2	yes	-	-	-	-	auuagaaaauaaugcacgcuug	aaagugcauuauuuucuu	auuagaaaauaaugcacgcuugaggucuaccucaaaagugcauuauuuucuu	chromosome_14:21497264..21497316:-
chromosome_3_14646	23.7	95 +/- 2%	-	46	45	0	1	yes	-	-	-	-	ucacaauugaaguuggaugg	aaucgaacugcaauuguaaagu	aaucgaacugcaauuguaaaguuuaacuucacaauugaaguuggaugg	chromosome_3:7689830..7689878:+
chromosome_9_75007	22.6	95 +/- 2%	-	44	38	0	6	yes	-	-	-	-	ucagcaguagagaagaggauucacu	gaccuuuucgcuacuacuauc	ucagcaguagagaagaggauucacuuuaugugaccuuuucgcuacuacuauc	chromosome_9:2864768..2864820:-
chromosome_13_126858	22.4	95 +/- 2%	-	43	42	0	1	yes	-	-	-	-	aucaaaaaucugaaugcgauugu	caucgaauucagauauuug	caucgaauucagauauuugacucacuugugaaucaaaaaucugaaugcgauugu	chromosome_13:15058580..15058634:-
chromosome_14_159006	20.6	95 +/- 2%	-	38	37	0	1	yes	-	-	-	-	uaagaagcagugcaguucauccgg	ggggaacaacaaugcuucu	uaagaagcagugcaguucauccggaucauccaggggaacaacaaugcuucu	chromosome_14:52274011..52274062:+
chromosome_13_121822	19.6	95 +/- 2%	-	36	35	0	1	yes	-	-	-	-	accucugauuuacuguuacaugu	caugcaacaguaagucaga	accucugauuuacuguuacauguauaugaaguacaugcaacaguaagucaga	chromosome_13:30863783..30863835:+
chromosome_14_156439	19.5	95 +/- 2%	-	35	29	0	6	yes	-	-	-	-	cuaaauacugacaucucugaaau	uugagagaugacaguauuagc	uugagagaugacaguauuagcaauugauugcuaaauacugacaucucugaaau	chromosome_14:37723289..37723342:+
chromosome_12_102803	19.4	95 +/- 2%	-	38	37	0	1	yes	-	-	-	-	uuugcuaguugcuuuugucccauu	uaggcaaaaguuucaagcacaug	uaggcaaaaguuucaagcacauguuuaucauuugcuaguugcuuuugucccauu	chromosome_12:6515505..6515559:+
chromosome_7_52443	19	95 +/- 2%	-	57	39	0	18	no	-	-	-	-	uuugccgugcgucuguuca	ucacagaugacgucaaaa	uuugccgugcgucuguucaguuguggaucacagaugacgucaaaa	chromosome_7:15830327..15830372:+
chromosome_14_187140	18.1	95 +/- 2%	-	33	31	0	2	yes	-	-	-	-	ccggaugaacugcacugcuucuua	uagaagcauuguuguuccccugg	uagaagcauuguuguuccccuggaugauccggaugaacugcacugcuucuua	chromosome_14:52274011..52274063:-
chromosome_4_24636	16.7	95 +/- 2%	-	33	31	0	2	yes	-	-	-	-	auccacaaguagucagcagaucagu	ugguuuugcguuacacuugugggac	auccacaaguagucagcagaucaguauuauuucuucacugguuuugcguuacacuugugggac	chromosome_4:23246112..23246175:+
chromosome_5_39408	16.3	95 +/- 2%	-	29	28	0	1	yes	-	-	-	-	aaaguugacugaguaaccuucuagu	ucaagguuacagucgacuugc	ucaagguuacagucgacuugcaauuguugaaaguugacugaguaaccuucuagu	chromosome_5:28586192..28586246:-
chromosome_12_103806	16.1	95 +/- 2%	-	28	27	0	1	yes	-	-	-	-	uuuuguucgucugcaacg	uugcagacgaauaaaaccccgg	uugcagacgaauaaaaccccgguguuuuguucgucugcaacg	chromosome_12:13344605..13344647:+
chromosome_1_4125	15.8	95 +/- 2%	-	28	20	0	8	yes	-	-	-	-	uagagaggagggcuuauuagagu	ucuaauagcuacccucucuaau	uagagaggagggcuuauuagaguuugaaaacucuaauagcuacccucucuaau	chromosome_1:6486787..6486840:-
chromosome_10_86848	15.6	95 +/- 2%	-	27	15	0	12	yes	-	-	-	-	aggguuuagaguuugugugacu	ucacgcaaaaucaaaacccucu	ucacgcaaaaucaaaacccucuuucaaagaggguuuagaguuugugugacu	chromosome_10:5278801..5278852:-
chromosome_11_96849	15.4	95 +/- 2%	-	27	26	0	1	yes	-	-	-	-	agguaguaggaaaacuugcaauc	uugcaaguuuuccuaguaucu	agguaguaggaaaacuugcaaucuuugaauugcaaguuuuccuaguaucu	chromosome_11:404865..404915:-
chromosome_6_40315	15.4	95 +/- 2%	-	34	32	0	2	yes	-	-	-	-	auaauuauagcucugacaugug	ugauguuagagcuuuaacuucuu	ugauguuagagcuuuaacuucuuuuuuaaaauaauuauagcucugacaugug	chromosome_6:4849903..4849955:+
chromosome_4_25792	15.3	95 +/- 2%	-	33	32	0	1	yes	-	-	-	-	uuucuaaaugagguacaaugug	uauugcaccacauauagagauau	uauugcaccacauauagagauauuaaauauuucuaaaugagguacaaugug	chromosome_4:2415759..2415810:-
chromosome_4_24632	15	95 +/- 2%	-	31	29	0	2	yes	-	-	-	-	auccacaaguagucagcaaaccagu	ugguuuugcguuacacuugugggac	auccacaaguagucagcaaaccaguauuauuuccucacugguuuugcguuacacuugugggac	chromosome_4:23239184..23239247:+
chromosome_4_22180	14.9	95 +/- 2%	-	27	18	0	9	yes	-	-	-	-	aaacucuugccguugcaucuauu	ugggugcaaagccaagaauuucu	aaacucuugccguugcaucuauuuuuaaaaugggugcaaagccaagaauuucu	chromosome_4:9008296..9008349:+
chromosome_7_54419	14.7	95 +/- 2%	-	26	25	0	1	yes	-	-	-	-	guguuaggauuauuguuguuga	agucaacaauaaucuuaa	agucaacaauaaucuuaacacuuaaaguguuaggauuauuguuguuga	chromosome_7:28589428..28589476:+
chromosome_13_127520	12.9	95 +/- 2%	-	22	12	0	10	yes	-	-	-	-	acgucuuccucuggucggga	acgaccagaggaagacgu	acgucuuccucuggucgggaguaaacgaccagaggaagacgu	chromosome_13:18616990..18617032:-
chromosome_6_45471	12.7	95 +/- 2%	-	34	33	0	1	yes	-	-	-	-	ucacaugucagagcuauaauuau	aguuaaagcucuaacauca	ucacaugucagagcuauaauuauuuuaaaaaagaaguuaaagcucuaacauca	chromosome_6:4849903..4849956:-
chromosome_13_120280	12.5	95 +/- 2%	-	44	38	0	6	no	-	-	-	-	ugaacagacgcacggcaaa	uugacgucaucugugaucu	uugacgucaucugugaucuaaaacugaacagacgcacggcaaa	chromosome_13:21931443..21931486:+
chromosome_13_118851	12.4	95 +/- 2%	-	22	17	0	5	yes	-	-	-	-	aucaaaacacaaaauacugacu	ucaguaucuuguguguuguuga	ucaguaucuuguguguuguugauuaucucaucaaaacacaaaauacugacu	chromosome_13:14325109..14325160:+
chromosome_14_152143	12.3	95 +/- 2%	-	39	38	0	1	no	-	-	-	-	uuuaucgaucgugacccuca	cagggucaaagaggcuau	uuuaucgaucgugacccucaccgauacacaugcagggucaaagaggcuau	chromosome_14:30713769..30713819:+
chromosome_12_112071	12.3	95 +/- 2%	-	22	20	0	2	yes	-	-	-	-	ugcauaaucguugaucuuguaac	ugcaagagcaaccauuaugauacau	ugcauaaucguugaucuuguaacuuucauguugcaagagcaaccauuaugauacau	chromosome_12:19739357..19739413:-
chromosome_6_46492	12.1	95 +/- 2%	-	21	20	0	1	yes	-	-	-	-	uguuuucaaucacgugcccuuua	agggccacgugacuaaaaaagaaa	agggccacgugacuaaaaaagaaauuauuuguuuucaaucacgugcccuuua	chromosome_6:11067973..11068025:-
chromosome_13_125163	11.9	95 +/- 2%	-	19	18	0	1	yes	-	-	-	-	gcagacguucuucgggcucg	agcucaaagaacgucugcgua	gcagacguucuucgggcucgucacacguuucuccucccaugugggguagaaaaggguagagcucaaagaacgucugcgua	chromosome_13:5766866..5766946:-
chromosome_6_46487	11.9	95 +/- 2%	-	24	21	0	3	yes	-	-	-	-	uuuccauuccuaucaaaaacuau	cuuuuuguuagggagggaaugu	uuuccauuccuaucaaaaacuauauuuuuuacuuuuuguuagggagggaaugu	chromosome_6:11028854..11028907:-
chromosome_12_107015	11.7	95 +/- 2%	-	20	17	0	3	yes	-	-	-	-	caagaaaagugggcucuggaugg	agguagagccugcuuuucuuuug	agguagagccugcuuuucuuuuggucagcacaagaaaagugggcucuggaugg	chromosome_12:30058225..30058278:+
chromosome_12_102011	11.2	95 +/- 2%	-	20	18	0	2	yes	-	-	-	-	uuccucgugucguuaugcuaaug	uggacauaaugacauaagaaaag	uggacauaaugacauaagaaaaguucaguucuuuccucgugucguuaugcuaaug	chromosome_12:1060364..1060419:+
chromosome_9_79525	11	95 +/- 2%	-	19	11	0	8	yes	-	-	-	-	uacaagugaaaacaagaaugcgu	acagucuuguuuucuuuuguaauu	acagucuuguuuucuuuuguaauuuuaaguuacaagugaaaacaagaaugcgu	chromosome_9:29810421..29810474:-
chromosome_12_114457	9.4	95 +/- 2%	-	16	15	0	1	yes	-	-	-	-	ccauccagagcccacuuuucuug	agaaaagcaggcucuaccu	ccauccagagcccacuuuucuugugcugaccaaaagaaaagcaggcucuaccu	chromosome_12:30058225..30058278:-
chromosome_11_92494	8.6	95 +/- 2%	-	14	13	0	1	yes	-	-	-	-	ucaaaguggcaauucauagau	uauguaaucgccauauuugauga	ucaaaguggcaauucauagauuuaguuuauguaaucgccauauuugauga	chromosome_11:5267139..5267189:+
chromosome_4_22333	8.2	95 +/- 2%	-	15	9	0	6	yes	-	-	-	-	uccaacaggcgcuucgcugaua	cagcaaagagcacugugagaaauu	cagcaaagagcacugugagaaauuuuuuuccaacaggcgcuucgcugaua	chromosome_4:10352222..10352272:+
chromosome_9_76229	8	95 +/- 2%	-	13	10	0	3	yes	-	-	-	-	uuauauaaccgcgcaguagu	ccacuuugcuguuguauaacuuu	uuauauaaccgcgcaguaguauuugaaauaccacuuugcuguuguauaacuuu	chromosome_9:10063343..10063396:-
chromosome_9_73162	7.6	95 +/- 2%	-	13	5	0	8	yes	-	-	-	-	caacuaguagaaagacagagacc	uccaugccuuuucacuaguugcu	uccaugccuuuucacuaguugcuuuuaagcaacuaguagaaagacagagacc	chromosome_9:23592497..23592549:+
chromosome_7_55566	5.9	95 +/- 2%	-	9	8	0	1	yes	-	-	-	-	aauuucagacaucccucu	uggaugucugaaauucagg	aauuucagacaucccucuguggucgccuacuccccauggaugucugaaauucagg	chromosome_7:5017106..5017161:-
chromosome_14_185727	5.7	95 +/- 2%	-	10	9	0	1	yes	-	-	-	-	auaaagaauaccacgaaaaau	uuucuccuguuauucuuugg	auaaagaauaccacgaaaaaucuaaaaaaaaaagguuucuccuguuauucuuugg	chromosome_14:44060833..44060888:-
chromosome_6_46796	5.4	95 +/- 2%	-	7	4	0	3	yes	-	-	-	-	accaguuugaauuuaugugacacgu	ugugucgcacaaauucaaacca	ugugucgcacaaauucaaaccaguuucaaaccaguuugaauuuaugugacacgu	chromosome_6:12233199..12233253:-
chromosome_5_37537	5.3	95 +/- 2%	-	9	7	0	2	yes	-	-	-	-	uagagcugucguaaagucuccugu	cagccuuuaccucaugcucugug	uagagcugucguaaagucuccuguuuuuuacagccuuuaccucaugcucugug	chromosome_5:16503252..16503305:-
chromosome_5_32450	5	95 +/- 2%	-	7	6	0	1	yes	-	-	-	-	cguugguuaccguugugcuuau	acgcaccacggugaccaauguu	cguugguuaccguugugcuuauauuaaaauacgcaccacggugaccaauguu	chromosome_5:15426836..15426888:+
chromosome_5_32434	4.6	94 +/- 2%	-	7	6	0	1	yes	-	-	-	-	cguugguuaccguugugcuuau	acgcaccacggugaccaauguu	cguugguuaccguugugcuuauauuaaaauacgcaccacggugaccaauguu	chromosome_5:15322679..15322731:+
chromosome_9_75016	4.5	94 +/- 2%	-	12	6	0	6	yes	-	-	-	-	acccccauccuauacuguuacu	ucagcaguacaggauuggauuua	ucagcaguacaggauuggauuuacuaaguguacccccauccuauacuguuacu	chromosome_9:2865858..2865911:-
chromosome_9_75012	4.2	94 +/- 2%	-	12	6	0	6	yes	-	-	-	-	acccccauccuauacuguuacu	ucagcaguacaggauuggauuua	ucagcaguacaggauuggauuuacuaaguguacccccauccuauacuguuacu	chromosome_9:2865378..2865431:-
chromosome_3_19368	4.1	94 +/- 2%	-	5	4	0	1	yes	-	-	-	-	uacgaguaugauuacagacaga	cggucuguaaucauacgaguga	cggucuguaaucauacgagugauuaacaaaauuggacgaccgcaaagugggagucugauuuguuuuauuacgaguaugauuacagacaga	chromosome_3:15255630..15255720:-
chromosome_7_49999	4	94 +/- 2%	-	10	7	0	3	yes	-	-	-	-	uccaacacuacauugucuugu	uaaaacaaugucgaguuggaucu	uccaacacuacauugucuuguaauaauuauaaaacaaugucgaguuggaucu	chromosome_7:1257325..1257377:+
chromosome_12_104005	3.9	94 +/- 2%	-	7	6	0	1	yes	-	-	-	-	accauugguguuauugcaugc	ugcaauaucacaaaugauc	ugcaauaucacaaaugaucagaauuuuuucugaccauugguguuauugcaugc	chromosome_12:14943382..14943435:+
chromosome_14_156570	3.8	94 +/- 2%	-	18	17	0	1	yes	-	-	-	-	agcaagcggaucggagcgugaga	ucucacgcuccaauccgcuugcu	ucucacgcuccaauccgcuugcugcguucauuccccggacgcagcaagcggaucggagcgugaga	chromosome_14:38812877..38812942:+
chromosome_12_114120	3.8	94 +/- 2%	-	5	3	0	2	yes	-	-	-	-	gagaugguucccagugcacagugca	acuguguacuuggaaaccaucuggacua	acuguguacuuggaaaccaucuggacuaggagaugguucccagugcacagugca	chromosome_12:28918846..28918900:-
chromosome_6_40996	3.7	94 +/- 2%	-	4	2	1	1	yes	-	-	-	-	cuuguuucggugguuucgu	caaaaccaccgaaaugaaa	caaaaccaccgaaaugaaaugaccgaaaccgccgaaacgacugaucggcgguuucguuucgguuguucggugguuucacuuguuucggugguuucgu	chromosome_6:9221944..9222041:+
chromosome_14_156511	3.7	94 +/- 2%	-	4	2	0	2	yes	-	-	-	-	caugugaaucaugcucugcc	uagagcacgauucauaaugcu	uagagcacgauucauaaugcuccuuuaauaucagcaugugaaucaugcucugcc	chromosome_14:38350663..38350717:+
chromosome_9_75938	3.6	94 +/- 2%	-	5	4	0	1	yes	-	-	-	-	cgaagagagaguccaagaua	ucccugaacucucucuucc	ucccugaacucucucuuccgcgugcccuuuauagggguugaacccaggugcgcgaagagagaguccaagaua	chromosome_9:8406976..8407048:-
chromosome_11_92175	3.6	94 +/- 2%	-	6	5	0	1	yes	-	-	-	-	ucucuugguuauuuuuuguacu	ugcaaaauaaaccaaggagaaa	ugcaaaauaaaccaaggagaaaaugaaguuucucuugguuauuuuuuguacu	chromosome_11:3069468..3069520:+
chromosome_6_46291	3.3	94 +/- 2%	-	89	85	0	4	yes	-	-	-	-	ucuauucucugcgaucgucugc	auacgaucgcagagaauag	auacgaucgcagagaauagaacuugguucagagaauagaacuugguucuauucucugcgaucgucugc	chromosome_6:10294044..10294112:-
chromosome_9_74280	3.3	94 +/- 2%	-	60	52	0	8	yes	-	-	-	-	ccauacagaucggacgcgaa	uucgcguccgaucuguauga	uucgcguccgaucuguaugagcgguuacaauggcgugcugacaggcgagccauuguaaccgcccauacagaucggacgcgaa	chromosome_9:30350838..30350920:+
chromosome_9_79702	3.2	94 +/- 2%	-	69	63	0	6	yes	-	-	-	-	uucgcguccgaucuguaugg	ucauacagaucggacgcgaa	uucgcguccgaucuguaugggcgguuacaauggcucgccugucagcacgccauuguaaccgcucauacagaucggacgcgaa	chromosome_9:30350838..30350920:-
chromosome_1_455	3.2	94 +/- 2%	-	54	32	0	22	yes	-	-	-	-	ugacagagagacgacugg	ccagucgucucucuguca	ccagucgucucucugucacuacgagauaauauuaauagugacagagagacgacugg	chromosome_1:3419024..3419080:+
chromosome_1_1957	3.1	94 +/- 2%	-	14	14	0	0	yes	-	-	-	-	cgagcccgaagaacgucugc	agacgcucuuugggcucguc	agacgcucuuugggcucgucacgcgugacgagcccgaagaacgucugc	chromosome_1:13531792..13531840:+
chromosome_13_128259	3	94 +/- 2%	-	93	82	0	11	yes	-	-	-	-	aacgcagucguucuuaggggcga	uaagaacgacugcgugggaggc	aacgcagucguucuuaggggcgaucguguuacacuccguaacaccauaaccccuaagaacgacugcgugggaggc	chromosome_13:22550003..22550078:-
chromosome_9_79750	3	94 +/- 2%	-	22	22	0	0	yes	-	-	-	-	ucuggacgaucgcggcuuc	agacgcgaucgucgagaaa	agacgcgaucgucgagaaaguggcgaagccaucgugacuucgacacucucuggacgaucgcggcuuc	chromosome_9:30613356..30613423:-
chromosome_14_186308	3	94 +/- 2%	-	152	85	0	67	yes	-	-	-	-	agcaggaaguuaguagcucaga	ucugagcuacuaacuuccugcu	ucugagcuacuaacuuccugcuucagcugaagcaggaaguuaguagcucaga	chromosome_14:47102757..47102809:-
chromosome_4_22263	3	94 +/- 2%	-	147	101	0	46	yes	-	-	-	-	uugcagacgaacaaaaccccgg	uuuuguucgucugcaacg	uugcagacgaacaaaaccccgguauaucgggguuuuguucgucugcaacg	chromosome_4:9550631..9550681:+
chromosome_1_5987	3	94 +/- 2%	-	3	2	0	1	yes	-	-	-	-	cuguccacuugcauccccguaa	acggagaagccaguagacgcaa	acggagaagccaguagacgcaaguuuucaaguucuguccacuugcauccccguaa	chromosome_1:18773433..18773488:-
chromosome_9_75205	3	94 +/- 2%	-	96	82	0	14	yes	-	-	-	-	aacgcagucguucuuaggggcga	ucgccccuaagaacgacu	aacgcagucguucuuaggggcgaucgcgauggggaggaguguaacgcgaucgccccuaagaacgacu	chromosome_9:3963605..3963672:-
chromosome_10_83185	2.9	95 +/- 1%	-	55	52	1	2	yes	-	-	-	-	ccauacagaucggacgcgaa	cgggagaucuguaugggc	cgggagaucuguaugggcgguuacaauggcgagccgauaggcgagccauuguaaaccgcccauacagaucggacgcgaa	chromosome_10:19734924..19735003:+
chromosome_9_76888	2.9	95 +/- 1%	-	41	41	0	0	yes	-	-	-	-	cguugcagacgaacaaaa	uuauucgucugcaacgaa	cguugcagacgaacaaaaccccaguauagucggugggacuauaccgggguuuuauucgucugcaacgaa	chromosome_9:14056972..14057041:-
chromosome_2_7200	2.9	95 +/- 1%	-	411	408	0	3	yes	-	-	-	-	ugaaauuaaaggacuugccacg	caaguccuuuaauugcagcgugg	ugaaauuaaaggacuugccacggauugcguggcaaguccuuuaauugcagcgugg	chromosome_2:2155539..2155594:+
chromosome_12_109089	2.9	95 +/- 1%	-	107	102	0	5	yes	-	-	-	-	uugcagacgaacaaaaccccgg	ccgggguuuuguacgucug	uugcagacgaacaaaaccccgguauaguauaccgggguuuuguacgucug	chromosome_12:41775848..41775898:+
chromosome_14_159851	2.8	95 +/- 1%	-	17	17	0	0	yes	-	-	-	-	agaaucgaacccaugaccuuc	aggucauggguucgauucuca	agaaucgaacccaugaccuuccucccuuccgcccgguguuuaggaggucauggguucgauucuca	chromosome_14:57416174..57416239:+
chromosome_10_81126	2.8	95 +/- 1%	-	13	13	0	0	yes	-	-	-	-	ugacuguuucucuacaaaau	uuuguagaggaacagucaaa	uuuguagaggaacagucaaaucaaaacguuuugauuugacuguuucucuacaaaau	chromosome_10:7195734..7195790:+
chromosome_2_10858	2.8	95 +/- 1%	-	366	360	0	6	yes	-	-	-	-	cguggcaaguccuuuaauuuca	ugcaauuaaaggacuugccacgc	ugcaauuaaaggacuugccacgcaauccguggcaaguccuuuaauuuca	chromosome_2:2155539..2155588:-
chromosome_14_158179	2.8	95 +/- 1%	-	154	87	0	67	yes	-	-	-	-	agcaggaaguuaguagcucaga	ucugagcuacuaacuuccugcu	ucugagcuacuaacuuccugcuucagcugaagcaggaaguuaguagcucaga	chromosome_14:47102757..47102809:+
chromosome_6_49110	2.7	95 +/- 1%	-	2	1	0	1	yes	-	-	-	-	gccucccacgcagucguucu	aacgacugcgggggagacuagc	gccucccacgcagucguucuuuaauaggggcgaucgcaagaacgacugcgggggagacuagc	chromosome_6:26764785..26764847:-
chromosome_10_81766	2.7	95 +/- 1%	-	19	9	0	10	yes	-	-	-	-	accacaaauugauguucccuaa	uuagggaacaucaauuuguggu	accacaaauugauguucccuaacugaguuagggaacaucaauuuguggu	chromosome_10:11918661..11918710:+
chromosome_13_129898	2.7	95 +/- 1%	-	44	41	0	3	yes	-	-	-	-	cguugcagacgaacaaaa	cuuuguucgucugcaacg	cguugcagacgaacaaaaccccagggcuuuguucgucugcaacg	chromosome_13:32755419..32755463:-
chromosome_9_74713	2.7	95 +/- 1%	-	2376	2134	0	242	yes	-	-	-	-	agaauuaucaaagacgugaggcu	ggccucacgucuuucauaauucu	agaauuaucaaagacgugaggcuguuacggccucacgucuuucauaauucu	chromosome_9:1210859..1210910:-
chromosome_8_65253	2.7	95 +/- 1%	-	22	20	0	2	yes	-	-	-	-	caaauuggauaccuguaauu	aauuacagguacccaauuug	aauuacagguacccaauuugaacaacuucaaauuggauaccuguaauu	chromosome_8:4478140..4478188:-
chromosome_2_12542	2.7	95 +/- 1%	-	29	29	0	0	yes	-	-	-	-	uuuugacgucuucugugau	cacauaugacgucaaaaug	cacauaugacgucaaaaugugguaagaacaaaaaaaaaauacugauuuucuuaccacguuuugacgucuucugugau	chromosome_2:14378983..14379060:-
chromosome_9_72158	2.7	95 +/- 1%	-	13	13	0	0	yes	-	-	-	-	ugugucuguguuaucugccuca	cggcagauaacacagaccucg	ugugucuguguuaucugccucagccuucggcuucggcagauaacacagaccucg	chromosome_9:17366974..17367028:+
chromosome_9_69405	2.7	95 +/- 1%	-	2164	1925	0	239	yes	-	-	-	-	agccucacgucuuugauaauucu	agaauuaugaaagacgugaggcc	agaauuaugaaagacgugaggccguaacagccucacgucuuugauaauucu	chromosome_9:1210859..1210910:+
chromosome_9_77514	2.7	95 +/- 1%	-	22	18	0	4	yes	-	-	-	-	uuuuggacgcgauuucguuuga	ucaaacgaaaucgcgcccaaaa	ucaaacgaaaucgcgcccaaaaugucuacauuuuggacgcgauuucguuuga	chromosome_9:16811636..16811688:-
chromosome_1_9	2.6	95 +/- 1%	-	5583	5583	0	0	yes	-	-	-	-	uaagacucugaggauggaau	uccuucuucaaggucuuaca	uccuucuucaaggucuuacauuuuuuguaagacucugaggauggaau	chromosome_1:70466..70513:+
chromosome_13_117031	2.6	95 +/- 1%	-	13	13	0	0	yes	-	-	-	-	ucucccuaaugaugacguagauu	ucuacugcauuauuggggaaagaua	ucuacugcauuauuggggaaagauaaaauucucccuaaugaugacguagauu	chromosome_13:3193814..3193866:+
chromosome_12_112808	2.6	95 +/- 1%	-	42	36	0	6	yes	-	-	-	-	uauugaaaguuccaauacauccua	uaggaugauuggaacuuucaa	uaggaugauuggaacuuucaauaauaauuauugaaaguuccaauacauccua	chromosome_12:23771275..23771327:-
chromosome_11_93560	2.6	95 +/- 1%	-	80	80	0	0	yes	-	-	-	-	aacguccuuuuuaaaugua	cauuuaaaacggacguuuc	aacguccuuuuuaaauguagauaauauaaauuaucuacauuuaaaacggacguuuc	chromosome_11:11479665..11479721:+
chromosome_5_31328	2.6	95 +/- 1%	-	30	27	0	3	yes	-	-	-	-	uuuuguucgucugcaacg	cguugcagacgaacaaag	cguugcagacgaacaaagcccaggguuuuguucgucugcaacg	chromosome_5:9462399..9462442:+
chromosome_14_159942	2.6	95 +/- 1%	-	628	372	0	256	yes	-	-	-	-	gcauuacaaaagaacuggucu	agaccaguucuuuuguaaugc	gcauuacaaaagaacuggucuucuugugagagaccaguucuuuuguaaugc	chromosome_14:57806489..57806540:+
chromosome_5_31330	2.6	95 +/- 1%	-	30	27	0	3	yes	-	-	-	-	uuuuguucgucugcaacg	cguugcagacgaacaaag	cguugcagacgaacaaagcccaggguuuuguucgucugcaacg	chromosome_5:9462716..9462759:+
chromosome_12_111220	2.6	95 +/- 1%	-	27	27	0	0	yes	-	-	-	-	cguugcagacgaacaaaa	uuauucgucugcaacgca	cguugcagacgaacaaaacaccgggguuuuauucgucugcaacgca	chromosome_12:13344601..13344647:-
chromosome_14_136350	2.6	95 +/- 1%	-	13	11	2	0	yes	-	-	-	-	cuuuugcagagaaacaguca	acugacaccuacaaaagug	cuuuugcagagaaacagucaaaucaaaacggggacauaaggcgccuauggccccguuuugauuugacugacaccuacaaaagug	chromosome_14:16743467..16743551:+
chromosome_13_117166	2.5	95 +/- 1%	-	15	15	0	0	yes	-	-	-	-	uacgcuucggcugcauauca	guauuguggcuccgaagcguacc	uacgcuucggcugcauaucagguuuguuuggucuugccauggguauuguggcuccgaagcguacc	chromosome_13:3867982..3868047:+
chromosome_12_103156	2.5	95 +/- 1%	-	233	214	0	19	yes	-	-	-	-	auaucccgcugucacuug	caagugccuugugggauauucc	auaucccgcugucacuuguauuuucuugguacaagugccuugugggauauucc	chromosome_12:9275039..9275092:+
chromosome_11_97482	2.5	95 +/- 1%	-	39	39	0	0	yes	-	-	-	-	acaguuagugaauaguggaguc	auccauuauucacuaacuguua	auccauuauucacuaacuguuaaaaacaguuagugaauaguggaguc	chromosome_11:4453837..4453884:-
chromosome_7_58858	2.5	95 +/- 1%	-	5	4	0	1	yes	-	-	-	-	ugauuuguaaaaguaugaggaac	auccucaguaauaaggcaagucagua	auccucaguaauaaggcaagucaguaccauuauugcuugauuuguaaaaguaugaggaac	chromosome_7:26622146..26622206:-
chromosome_10_84781	2.5	95 +/- 1%	-	534	534	0	0	yes	-	-	-	-	uuacuuccgcucaaguucacg	gcaaccugagcggaagucuuc	gcaaccugagcggaagucuucuucaagauuacuuccgcucaaguucacg	chromosome_10:27379402..27379451:+
chromosome_9_76700	2.5	95 +/- 1%	-	22	22	0	0	yes	-	-	-	-	ucgccccuaagaacgacu	ucguucucaggggcaauu	ucguucucaggggcaauuauguuucacuccuccccgaucgccccuaagaacgacu	chromosome_9:12487110..12487165:-
chromosome_7_54691	2.5	95 +/- 1%	-	556	554	0	2	yes	-	-	-	-	auaguccuuuucgaguuguuuuu	aaagacaacuugaaaaggacuau	aaagacaacuugaaaaggacuauuaaauaguccuuuucgaguuguuuuu	chromosome_7:30370286..30370335:+
chromosome_2_7671	2.5	95 +/- 1%	-	848	848	0	0	yes	-	-	-	-	uugucaaaacgaacugugcuucca	gguugcauaguuuuuauugacaacu	gguugcauaguuuuuauugacaacuuuaaguguugucaaaacgaacugugcuucca	chromosome_2:5314216..5314272:+
chromosome_11_94554	2.5	95 +/- 1%	-	57	54	3	0	yes	-	-	-	-	uucgcguccgaucuguaugg	auauagaucucccgcucaua	uucgcguccgaucuguaugggaguuuacaauggcucgccuaucggcucgccauuguaaacacccauauagaucucccgcucaua	chromosome_11:18694872..18694956:+
chromosome_7_57724	2.5	95 +/- 1%	-	87	83	0	4	yes	-	-	-	-	uuaguugguagagcaucu	caaugcucuaccaacugagcuauc	caaugcucuaccaacugagcuaucaagccacgcauuggaagccaggccacuuaugugggugcauagcuuaguugguagagcaucu	chromosome_7:18344563..18344648:-
chromosome_8_67019	2.4	95 +/- 1%	-	26	26	0	0	yes	-	-	-	-	auagucguucuuaggggcga	gccccuucuuaaagaaugacuguau	auagucguucuuaggggcgauugugccccuucuuaaagaaugacuguau	chromosome_8:16512649..16512698:-
chromosome_2_7765	2.4	95 +/- 1%	-	11	11	0	0	yes	-	-	-	-	ugacugcuucucuacaaaag	auuguagagaaacagucaag	auuguagagaaacagucaaguguucgcggggccauaggcaccuauggccacgugaucauuugacugcuucucuacaaaag	chromosome_2:6080346..6080426:+
chromosome_10_90683	2.4	95 +/- 1%	-	493	493	0	0	yes	-	-	-	-	cgugaacuugagcggaaguaa	acuuccgcucagguugccgaa	cgugaacuugagcggaaguaaucuugaagaagacuuccgcucagguugccgaa	chromosome_10:27379398..27379451:-
chromosome_7_55273	2.4	95 +/- 1%	-	20	20	0	0	yes	-	-	-	-	uugguaaaagucuaucacggucauu	ugaccuugauugucuuuuaucacag	uugguaaaagucuaucacggucauuaugaccuugauugucuuuuaucacag	chromosome_7:3037945..3037996:-
chromosome_14_156621	2.4	95 +/- 1%	-	12	12	0	0	yes	-	-	-	-	uguacauagacauguagcguaa	aagcuacauguacauguacaug	aagcuacauguacauguacauguucgacauguacauagacauguagcguaa	chromosome_14:39291999..39292050:+
chromosome_14_156830	2.4	95 +/- 1%	-	237	237	0	0	yes	-	-	-	-	uacuuguugguagagcauucca	gaauguacuaccagcaaguuaa	uacuuguugguagagcauuccauuuaauggaauguacuaccagcaaguuaa	chromosome_14:40086362..40086413:+
chromosome_14_160669	2.4	95 +/- 1%	-	27	27	0	0	yes	-	-	-	-	caaaguuguuaugguuucauauua	agauguaaccauaacaaccugca	caaaguuguuaugguuucauauuacuuuaaaguaagauguaaccauaacaaccugca	chromosome_14:4027905..4027962:-
chromosome_3_14869	2.4	95 +/- 1%	-	83	83	0	0	yes	-	-	-	-	ggcuguguucuguugucuuua	uagacaacagaauacugcuuu	uagacaacagaauacugcuuugacggcuguguucuguugucuuua	chromosome_3:9760907..9760952:+
chromosome_3_18516	2.4	95 +/- 1%	-	83	83	0	0	yes	-	-	-	-	ggcuguguucuguugucuuua	cagacaacagaauacugcuuu	cagacaacagaauacugcuuugacggcuguguucuguugucuuua	chromosome_3:10022497..10022542:-
chromosome_12_115872	2.4	95 +/- 1%	-	19	19	0	0	yes	-	-	-	-	ccgaaggucggugguucg	cauccacgaccuucccua	cauccacgaccuucccuagagcaguagucaugcaacccgaaggucggugguucg	chromosome_12:37684195..37684249:-
chromosome_12_104184	2.4	95 +/- 1%	-	30	30	0	0	yes	-	-	-	-	uuaccaaguguagugugcccugu	aaggcacacuaugcuuggguauu	uuaccaaguguagugugcccuguagugcaguacaaggcacacuaugcuuggguauu	chromosome_12:16437678..16437734:+
chromosome_10_84635	2.4	95 +/- 1%	-	24	24	0	0	yes	-	-	-	-	aaaaaaaaggaacgccugaucg	aucaggcguucuuuuucg	aucaggcguucuuuuucgcgcgccgcgaaaaaaaaggaacgccugaucg	chromosome_10:26635911..26635960:+
chromosome_10_83686	2.4	95 +/- 1%	-	26	26	0	0	yes	-	-	-	-	ugggaugaacauuaaacgacuaa	agucguuucauguacauuccauc	ugggaugaacauuaaacgacuaauuauuagucguuucauguacauuccauc	chromosome_10:21809804..21809855:+
chromosome_13_128614	2.4	95 +/- 1%	-	744	739	0	5	yes	-	-	-	-	ucuaucgacuguuucaugcca	uggaaugaagcagucgauaug	uggaaugaagcagucgauaugcuuuuaaagucuaucgacuguuucaugcca	chromosome_13:24737723..24737774:-
chromosome_14_132673	2.4	95 +/- 1%	-	29	29	0	0	yes	-	-	-	-	uaauaugaaaccauaacaacuuug	gguuguuaugguuacaucuuacu	gguuguuaugguuacaucuuacuuuaaaguaauaugaaaccauaacaacuuug	chromosome_14:4027909..4027962:+
chromosome_3_14807	2.4	95 +/- 1%	-	21	21	0	0	yes	-	-	-	-	gggguuagguuacgucugcga	gccgacgaaacuaaauccugg	gccgacgaaacuaaauccugggguuaaaaucgggguuagguuacgucugcga	chromosome_3:9025103..9025155:+
chromosome_9_79814	2.4	95 +/- 1%	-	180	180	0	0	yes	-	-	-	-	cuggucuagcuggaguuaaaaug	auuuaacuucagcuagaccacaa	auuuaacuucagcuagaccacaaaacuggucuagcuggaguuaaaaug	chromosome_9:30792245..30792293:-
chromosome_3_15241	2.4	95 +/- 1%	-	61	61	0	0	yes	-	-	-	-	ggcuguguucuguugucuuua	gagacaacagaauacugcuuu	gagacaacagaauacugcuuugacggcuguguucuguugucuuua	chromosome_3:12685838..12685883:+
chromosome_4_21462	2.4	95 +/- 1%	-	49	49	0	0	yes	-	-	-	-	aauguggcuuuaaacacggcug	gccgugucuaaaggcacuauug	aauguggcuuuaaacacggcuguuuaacagccgugucuaaaggcacuauug	chromosome_4:4478940..4478991:+
chromosome_7_53370	2.4	95 +/- 1%	-	96	90	0	6	yes	-	-	-	-	uaguugggaaagaaaugaaagaga	uuucauuuauuucccaacu	uaguugggaaagaaaugaaagagaauuauucucuuucauuuauuucccaacu	chromosome_7:21849256..21849308:+
chromosome_13_131884	2.4	95 +/- 1%	-	80	79	0	1	yes	-	-	-	-	ucaccccuaagaacgacuguguu	uacgcagucguuuuuaggggcga	uacgcagucguuuuuaggggcgaucgugauguaacaucaccccuaagaacgacuguguu	chromosome_13:42073149..42073208:-
chromosome_6_43095	2.3	95 +/- 1%	-	102	102	0	0	yes	-	-	-	-	uagaaaccugcgaaaaauucuug	agaguuuuuugcaggcuucuaua	agaguuuuuugcaggcuucuauauuuauuuuuuagaaaccugcgaaaaauucuug	chromosome_6:20409344..20409399:+
chromosome_13_117061	2.3	95 +/- 1%	-	14	14	0	0	yes	-	-	-	-	acgucguucaaaauuuuuua	aaaaauuuugaacggggucg	aaaaauuuugaacggggucgaaacgucguucaaaauuuuuua	chromosome_13:3302220..3302262:+
chromosome_3_14886	2.3	95 +/- 1%	-	90	90	0	0	yes	-	-	-	-	uaaagacaacagaacacagcc	caguauucuguugucuguaua	uaaagacaacagaacacagccgucaaagcaguauucuguugucuguaua	chromosome_3:10022497..10022546:+
chromosome_7_59241	2.3	95 +/- 1%	-	80	21	59	0	yes	-	-	-	-	agauuucugugugcugug	cagcacacaggcuucaug	agauuucugugugcugugucaacaacaauaauccuuacacuuuaaguguuaagauuauuguugacuacgcagcacacaggcuucaug	chromosome_7:28589570..28589657:-
chromosome_5_36882	2.3	95 +/- 1%	-	11	11	0	0	yes	-	-	-	-	ugacuguuucucuauaaaag	uuuguaguguaacagucaac	uuuguaguguaacagucaacuuaaagcagggccauuggcgucuauggccccguuuuaaguugacuguuucucuauaaaag	chromosome_5:13098407..13098487:-
chromosome_6_41211	2.3	95 +/- 1%	-	33	33	0	0	yes	-	-	-	-	uauaucaaccacgugacagc	ugucauguguuugauaugca	ugucauguguuugauaugcauuaaauguauaucaaccacgugacagc	chromosome_6:10443393..10443440:+
chromosome_4_26030	2.3	95 +/- 1%	-	46	46	0	0	yes	-	-	-	-	cagccguguuuaaagccacauu	agugccuuuagacacggcuguu	agugccuuuagacacggcuguuaaacagccguguuuaaagccacauu	chromosome_4:4478940..4478987:-
chromosome_3_18491	2.3	95 +/- 1%	-	90	90	0	0	yes	-	-	-	-	uaaagacaacagaacacagcc	caguauucuguugucuauaua	uaaagacaacagaacacagccgucaaagcaguauucuguugucuauaua	chromosome_3:9760903..9760952:-
chromosome_14_160877	2.3	95 +/- 1%	-	14	14	0	0	yes	-	-	-	-	uagcucucggucgguuugacgu	gccaaaccggucgagagcgaug	uagcucucggucgguuugacguuuugcaagaggccaaaccggucgagagcgaug	chromosome_14:5024953..5025007:-
chromosome_9_69844	2.3	95 +/- 1%	-	455	415	0	40	yes	-	-	-	-	uuagcaaugucugauugagcca	ccaaucagacauugcuaauuu	uuagcaaugucugauugagccauuuaauggcccaaucagacauugcuaauuu	chromosome_9:3523901..3523953:+
chromosome_7_54421	2.3	95 +/- 1%	-	74	20	54	0	yes	-	-	-	-	cacagcacacagaaaucu	aagccugugugcugcgua	aagccugugugcugcguagucaacaauaaucuuaacacuuaaaguguaaggauuauuguuguugacacagcacacagaaaucu	chromosome_7:28589574..28589657:+
chromosome_14_132987	2.3	95 +/- 1%	-	26	26	0	0	yes	-	-	-	-	gagguccugacgguugaga	uuugccggcggggccuaga	uuugccggcggggccuagaaaccagaaguucuaaauuaucgugcugagguccugacgguugaga	chromosome_14:5832072..5832136:+
chromosome_13_120744	2.3	95 +/- 1%	-	695	688	0	7	yes	-	-	-	-	uggcaugaaacagucgauaga	cauaucgacugcuucauucca	uggcaugaaacagucgauagacuuuaaaagcauaucgacugcuucauucca	chromosome_13:24737723..24737774:+
chromosome_7_59239	2.3	95 +/- 1%	-	28	27	0	1	yes	-	-	-	-	ucaacaacaauaauccuaacacu	uuaagauuauuguugacu	ucaacaacaauaauccuaacacuuuaaguguuaagauuauuguugacu	chromosome_7:28589428..28589476:-
chromosome_12_115846	2.3	95 +/- 1%	-	81	81	0	0	yes	-	-	-	-	acaaaaggaacguaucugcuu	gcagauauguuccuuuuauua	gcagauauguuccuuuuauuauuuaauaacaaaaggaacguaucugcuu	chromosome_12:37491167..37491216:-
chromosome_10_87714	2.3	95 +/- 1%	-	19	16	0	3	yes	-	-	-	-	uucuuugggcucgucacgcc	uacaugacgagcucaaaga	uucuuugggcucgucacgccuuucucaccuacaugacgagcucaaaga	chromosome_10:12092159..12092207:-
chromosome_11_92356	2.3	95 +/- 1%	-	40	38	0	2	yes	-	-	-	-	gacuccacuauucacuaacugu	aguuagugaauaauggauucu	gacuccacuauucacuaacuguuuuuaacaguuagugaauaauggauucu	chromosome_11:4453837..4453887:+
chromosome_6_47418	2.3	95 +/- 1%	-	15	15	0	0	yes	-	-	-	-	uaucuauuucacauuguucucu	agaacaauguaaauuggauaau	agaacaauguaaauuggauaauuuuaauuaucuauuucacauuguucucu	chromosome_6:15161781..15161831:-
chromosome_7_52848	2.2	95 +/- 1%	-	80	80	0	0	yes	-	-	-	-	agaugcucuaccaacuaa	aguugguagagcauugca	agaugcucuaccaacuaagcuaugcacccacauaaguggccuggcuuccaaugcguggcuugauagcucaguugguagagcauugca	chromosome_7:18344563..18344650:+
chromosome_10_89564	2.2	95 +/- 1%	-	21	21	0	0	yes	-	-	-	-	uuagucguuuaauguucauccca	gaauguacaugaaacgacuaaua	gaauguacaugaaacgacuaauaauuagucguuuaauguucauccca	chromosome_10:21809804..21809851:-
chromosome_5_34616	2.2	95 +/- 1%	-	28	28	0	0	yes	-	-	-	-	acuagaagguuacucagucaacuuu	agucgacuguaaccuugaaguuc	acuagaagguuacucagucaacuuucaacaauugcaagucgacuguaaccuugaaguuc	chromosome_5:28586192..28586251:+
chromosome_5_30299	2.2	95 +/- 1%	-	30	30	0	0	yes	-	-	-	-	ugacagagagacgacugg	ggucgucuuucuguaacu	ggucgucuuucuguaacucguuaaaauuaauagugacagagagacgacugg	chromosome_5:3373569..3373620:+
chromosome_14_159193	2.2	95 +/- 1%	-	8487	8293	0	194	yes	-	-	-	-	aaagggugcagauccgucuuuaa	ucaaagacggaucugcacccuc	ucaaagacggaucugcacccucuuaaaaaagggugcagauccgucuuuaa	chromosome_14:53448669..53448719:+
chromosome_6_48446	2.2	95 +/- 1%	-	26	26	0	0	yes	-	-	-	-	uucagcuauuuuggguguucuu	gaacacucaacauagcugaaga	gaacacucaacauagcugaagaaaauucagcuauuuuggguguucuu	chromosome_6:21902755..21902802:-
chromosome_6_46119	2.2	95 +/- 1%	-	765	760	0	5	yes	-	-	-	-	cgaucacgucuagaacacccaaa	uuucaguguucuagacguaaucg	cgaucacgucuagaacacccaaagauugaaucuuucaguguucuagacguaaucg	chromosome_6:9195244..9195299:-
chromosome_6_39988	2.2	95 +/- 1%	-	91	91	0	0	yes	-	-	-	-	aaacauguaaugccguagauuuuu	aaaucuauggcauuaaugcuuug	aaacauguaaugccguagauuuuuuuuaaaaagaaaaucuauggcauuaaugcuuug	chromosome_6:2652578..2652635:+
chromosome_5_38562	2.2	95 +/- 1%	-	63	63	0	0	yes	-	-	-	-	aguguacaauuccaaguuagua	cauaacuuagguauuguacacuuu	cauaacuuagguauuguacacuuuaaaguguacaauuccaaguuagua	chromosome_5:23800799..23800847:-
chromosome_6_44716	2.2	95 +/- 1%	-	553	536	0	17	yes	-	-	-	-	ccccagacucaaucgacccaua	uuuggguugagugagucuga	uuuggguugagugagucugagguuaaaccccagacucaaucgacccaua	chromosome_6:197508..197557:-
chromosome_7_59527	2.2	95 +/- 1%	-	636	631	0	5	yes	-	-	-	-	aaaaacaacucgaaaaggacuau	auaguccuuuucaaguugucuuu	aaaaacaacucgaaaaggacuauuuaauaguccuuuucaaguugucuuu	chromosome_7:30370286..30370335:-
chromosome_9_74614	2.2	95 +/- 1%	-	38	38	0	0	yes	-	-	-	-	auucucuauuugugguaccguu	agguaucucaacuagaggaaua	agguaucucaacuagaggaauaaauucucuauuugugguaccguu	chromosome_9:908906..908951:-
chromosome_6_41370	2.2	95 +/- 1%	-	19	19	0	0	yes	-	-	-	-	aaagggcacgugauugaaaaca	uuuuuagucacguggcccucagc	aaagggcacgugauugaaaacaaauaauuucuuuuuuagucacguggcccucagc	chromosome_6:11067974..11068029:+
chromosome_12_112090	2.2	95 +/- 1%	-	357	357	0	0	yes	-	-	-	-	gggaacaagccgaaacauug	auguuucggcuugcacccaa	auguuucggcuugcacccaagaacgggaacaagccgaaacauug	chromosome_12:19826692..19826736:-
chromosome_14_187345	2.2	95 +/- 1%	-	10864	8998	0	1866	yes	-	-	-	-	uuaaagacggaucugcacccuuu	cgaugcagauccgucuuugaau	uuaaagacggaucugcacccuuuuuuaagacgaugcagauccgucuuugaau	chromosome_14:53439652..53439704:-
chromosome_14_184571	2.2	95 +/- 1%	-	32	29	0	3	yes	-	-	-	-	auuucagagaugucaguauuuag	gcuaauacugucaucucucaa	auuucagagaugucaguauuuagcaaucaauugcuaauacugucaucucucaa	chromosome_14:37723289..37723342:-
chromosome_6_47430	2.2	95 +/- 1%	-	15	15	0	0	yes	-	-	-	-	uaucuauuucacauuguucucu	agaacaauguaaauuagaucau	agaacaauguaaauuagaucauuuuaauuaucuauuucacauuguucucu	chromosome_6:15237163..15237213:-
chromosome_3_14114	2.2	95 +/- 1%	-	9061	9061	0	0	yes	-	-	-	-	ugaucuuguagguuccaucuuau	uggaugggaccuauaaguucaca	ugaucuuguagguuccaucuuauuuaauuggaugggaccuauaaguucaca	chromosome_3:3503369..3503420:+
chromosome_4_25265	2.2	95 +/- 1%	-	48	48	0	0	yes	-	-	-	-	uguuucaacaauccaguggguu	cccacuugauugguuaaaagacu	cccacuugauugguuaaaagacuaaguguuucaacaauccaguggguu	chromosome_4:26988312..26988360:+
chromosome_9_69705	2.1	95 +/- 1%	-	214	210	0	4	yes	-	-	-	-	aguaaauccgauccuguacuguua	uuacaguauaggaugggggu	uuacaguauaggauggggguacauuaaguaaauccgauccuguacuguua	chromosome_9:2864915..2864965:+
chromosome_13_124767	2.1	95 +/- 1%	-	13	13	0	0	yes	-	-	-	-	aaucuacgucaucauuagggaga	uccccaauaaugcaguagaucag	aaucuacgucaucauuagggagaauuuuaucuuuccccaauaaugcaguagaucag	chromosome_13:3193810..3193866:-
chromosome_12_111572	2.1	95 +/- 1%	-	26	26	0	0	yes	-	-	-	-	acagggcacacuacacuugguaa	cccaagcauagugugccuuguac	cccaagcauagugugccuuguacugcacuacagggcacacuacacuugguaa	chromosome_12:16437678..16437730:-
chromosome_11_92571	2.1	95 +/- 1%	-	12	12	0	0	yes	-	-	-	-	accuucaaacugcuauuaagcu	cuuaauagcaguuuaaagguuu	cuuaauagcaguuuaaagguuucaaaccuucaaacugcuauuaagcu	chromosome_11:5587669..5587716:+
chromosome_5_36302	2.1	95 +/- 1%	-	33	30	0	3	yes	-	-	-	-	cguugcagacgaacaaaa	cuuuguucgucugcaacg	cguugcagacgaacaaaacccugggcuuuguucgucugcaacg	chromosome_5:9462716..9462759:-
chromosome_7_57754	2.1	95 +/- 1%	-	17	17	0	0	yes	-	-	-	-	ugaggcagauaacacagacacg	ggucuauguuaucugccgaagc	ggucuauguuaucugccgaagccgaagacugaggcagauaacacagacacg	chromosome_7:18572667..18572718:-
chromosome_4_29741	2.1	95 +/- 1%	-	49	49	0	0	yes	-	-	-	-	aacccacuggauuguugaaaca	uuuuaaccaaucaagugggucag	aacccacuggauuguugaaacacuuagucuuuuaaccaaucaagugggucag	chromosome_4:26988308..26988360:-
chromosome_4_24172	2.1	95 +/- 1%	-	93	93	0	0	yes	-	-	-	-	ucagaacggaaguugguuuagaga	ucuacaccaagauccguucaggga	ucagaacggaaguugguuuagagauuauuccucuacaccaagauccguucaggga	chromosome_4:20896668..20896723:+
chromosome_11_101443	2.1	95 +/- 1%	-	335	335	0	0	yes	-	-	-	-	uuuguccaaacgauaacacuggu	caauguuaucauuuggauaaagg	uuuguccaaacgauaacacugguauuaugccaauguuaucauuuggauaaagg	chromosome_11:30949733..30949786:-
chromosome_9_71601	2.1	95 +/- 1%	-	855	855	0	0	yes	-	-	-	-	ucaguugguagagcagug	cuguucccaucuguggc	cuguucccaucuguggcucuguagcucaguugguagagcagug	chromosome_9:14515161..14515204:+
chromosome_4_22331	2.1	95 +/- 1%	-	52	52	0	0	yes	-	-	-	-	acaggucaguaaauaucuucaaa	uggaauauuuauugaccuuucu	uggaauauuuauugaccuuucuuuuaaagacaggucaguaaauaucuucaaa	chromosome_4:10324794..10324846:+
chromosome_11_96389	2.1	95 +/- 1%	-	315	315	0	0	yes	-	-	-	-	accaguguuaucguuuggacaaa	uauccaaaugauaacauuggcau	uauccaaaugauaacauuggcauaauaccaguguuaucguuuggacaaa	chromosome_11:30949737..30949786:+
chromosome_12_114235	2.1	95 +/- 1%	-	134	134	0	0	yes	-	-	-	-	acugagcaauuguuacagguaga	uauuuguaacaauuauucaauuu	acugagcaauuguuacagguagaauaauacauucuauuuguaacaauuauucaauuu	chromosome_12:29194483..29194540:-
chromosome_7_59237	2.1	95 +/- 1%	-	27	27	0	0	yes	-	-	-	-	ucaacaacaauaauccuaacac	guuaagauaauuguugacuaca	ucaacaacaauaauccuaacacuuuaaguguuaagauaauuguugacuaca	chromosome_7:28589262..28589313:-
chromosome_1_1043	2.1	95 +/- 1%	-	2	1	0	1	yes	-	-	-	-	uccggauuacaacaucagcg	caggucuugaaccgggga	caggucuugaaccggggaccuccggauuacaacaucagcg	chromosome_1:7786433..7786473:+
chromosome_6_45130	2.1	95 +/- 1%	-	100	100	0	0	yes	-	-	-	-	aaaaaucuacggcauuacauguuuu	agcauuaaugccauagauuuucuu	agcauuaaugccauagauuuucuuuuuaaaaaaaaucuacggcauuacauguuuu	chromosome_6:2652577..2652632:-
chromosome_5_36300	2.1	95 +/- 1%	-	33	30	0	3	yes	-	-	-	-	cguugcagacgaacaaaa	cuuuguucgucugcaacg	cguugcagacgaacaaaacccugggcuuuguucgucugcaacg	chromosome_5:9462399..9462442:-
chromosome_12_107971	2	95 +/- 1%	-	47	47	0	0	yes	-	-	-	-	aacaauugucgcugcacccgau	cugguguagugauaauuguuuu	cugguguagugauaauuguuuuaaaaacaauugucgcugcacccgau	chromosome_12:35174199..35174246:+
chromosome_6_42316	2	95 +/- 1%	-	15	15	0	0	yes	-	-	-	-	agagaacaaugugaaauagaua	ucuaauuuacauuguucucuca	agagaacaaugugaaauagauaauuaaaaugaucuaauuuacauuguucucuca	chromosome_6:15237163..15237217:+
chromosome_6_42302	2	95 +/- 1%	-	15	15	0	0	yes	-	-	-	-	agagaacaaugugaaauagaua	uccaauuuacauuguucucuca	agagaacaaugugaaauagauaauuaaaauuauccaauuuacauuguucucuca	chromosome_6:15161781..15161835:+
chromosome_14_150276	2	95 +/- 1%	-	19	19	0	0	yes	-	-	-	-	caaauuggauaccuguaauu	uuacagguacccaauuuaaa	uuacagguacccaauuuaaaguuguucaaauuggauaccuguaauu	chromosome_14:29374706..29374752:+
chromosome_7_54417	2	95 +/- 1%	-	25	25	0	0	yes	-	-	-	-	guguuaggauuauuguuguuga	gucaacaauuaucuuaacacuu	gucaacaauuaucuuaacacuuaaaguguuaggauuauuguuguuga	chromosome_7:28589266..28589313:+
chromosome_4_24307	2	95 +/- 1%	-	686	680	0	6	yes	-	-	-	-	ucagguuuggaguucagugaau	acuggaacuccaaacaaga	ucagguuuggaguucagugaauaaaucacuggaacuccaaacaaga	chromosome_4:21646398..21646444:+
chromosome_4_28846	2	95 +/- 1%	-	783	777	0	6	yes	-	-	-	-	aauggaacagaagacgauugacuu	aggucaauuguucucuguuccauu	aggucaauuguucucuguuccauuugaaauggaacagaagacgauugacuu	chromosome_4:21660775..21660826:-
chromosome_11_97565	2	95 +/- 1%	-	255	255	0	0	yes	-	-	-	-	aggcaggucuuuuuguggug	ucacgaaaaggccugauagg	aggcaggucuuuuuguggugcuuuaaaaguaucacgaaaaggccugauagg	chromosome_11:5010942..5010993:-
chromosome_11_97683	2	95 +/- 1%	-	12	12	0	0	yes	-	-	-	-	agcuuaauagcaguuugaaggu	cuuuaaacugcuauuaagauuu	agcuuaauagcaguuugaagguuugaaaccuuuaaacugcuauuaagauuu	chromosome_11:5587665..5587716:-
chromosome_10_81842	2	95 +/- 1%	-	19	19	0	0	yes	-	-	-	-	uugucaaauacuuugauacagug	gaguaacaaaguguuugauaaga	uugucaaauacuuugauacagugguuacagaguaacaaaguguuugauaaga	chromosome_10:12465139..12465191:+
chromosome_10_91668	2	95 +/- 1%	-	117	117	0	0	yes	-	-	-	-	uaaaccuucugaacuuaauga	auuaaguuaaggagauuuaaa	auuaaguuaaggagauuuaaauuuaauuuuaaaccuucugaacuuaauga	chromosome_10:33589080..33589130:-
chromosome_2_13027	2	95 +/- 1%	-	96	96	0	0	yes	-	-	-	-	ccugugggaaugacuacuguu	cuguaagcaauucccacaggga	ccugugggaaugacuacuguuccauuaaggaagucuguaagcaauucccacaggga	chromosome_2:17773525..17773581:-
chromosome_14_184970	2	95 +/- 1%	-	227	227	0	0	yes	-	-	-	-	uggaaugcucuaccaacaagua	cuugcugguaguacauuccauu	cuugcugguaguacauuccauuaaauggaaugcucuaccaacaagua	chromosome_14:40086362..40086409:-
chromosome_7_54012	2	95 +/- 1%	-	24	24	0	0	yes	-	-	-	-	gggaauaggagugguggauga	uguuaccauugcuauuccuau	gggaauaggagugguggaugacaugauaaucauguguuaccauugcuauuccuau	chromosome_7:26380604..26380659:+
chromosome_7_50395	2	95 +/- 1%	-	30	30	0	0	yes	-	-	-	-	uuuaacuccguuccagaucuucu	aaagucuggaauggguuaacagc	aaagucuggaauggguuaacagcuuaucgcuuuaacuccguuccagaucuucu	chromosome_7:3011172..3011225:+
chromosome_11_92849	2	95 +/- 1%	-	12	12	0	0	yes	-	-	-	-	cugaauacuacauuuauacggc	cguauacaugaaguauuuagug	cguauacaugaaguauuuagugacaaucgcugaauacuacauuuauacggc	chromosome_11:7921123..7921174:+
chromosome_5_33750	2	95 +/- 1%	-	69	69	0	0	yes	-	-	-	-	uacuaacuuggaauuguacacu	uguacaauaccuaaguuauguacg	uacuaacuuggaauuguacacuuuaaaguguacaauaccuaaguuauguacg	chromosome_5:23800799..23800851:+
chromosome_14_132877	2	95 +/- 1%	-	11	11	0	0	yes	-	-	-	-	acgucaaaccgaccgagagcua	gcucucgaccgguuuggccucu	gcucucgaccgguuuggccucuugcaaaacgucaaaccgaccgagagcua	chromosome_14:5024957..5025007:+
chromosome_11_97423	1.9	93 +/- 1%	-	30	30	0	0	yes	-	-	-	-	gcaguuuauagcaggaauuua	aaugccugcaauaaacugcaa	gcaguuuauagcaggaauuuauaauaaauauuuaaaugccugcaauaaacugcaa	chromosome_11:4079678..4079733:-
chromosome_9_69922	1.9	93 +/- 1%	-	43	43	0	0	yes	-	-	-	-	ggcguguaacauugacuacuga	auaguucaauauuacacgcgac	ggcguguaacauugacuacugacuuugauucauaguucaauauuacacgcgac	chromosome_9:4184707..4184760:+
chromosome_7_51570	1.9	93 +/- 1%	-	21	21	0	0	yes	-	-	-	-	gcuaucgaauuuuagccuuga	aaggguaaaauuggaccacaa	gcuaucgaauuuuagccuugauacaaaauaccaaggguaaaauuggaccacaa	chromosome_7:9717206..9717259:+
chromosome_9_74416	1.9	93 +/- 1%	-	204	204	0	0	yes	-	-	-	-	cauuuuaacuccagcuagaccag	ggucuagcugaaguuaaaucugcc	cauuuuaacuccagcuagaccaguuuuguggucuagcugaaguuaaaucugcc	chromosome_9:30792245..30792298:+
chromosome_11_99240	1.9	93 +/- 1%	-	10	6	0	4	yes	-	-	-	-	uuaccauccgucaaguuaau	auuaacuugacggaugguaacg	uuaccauccgucaaguuaaugguuuaaccauuaacuugacggaugguaacg	chromosome_11:15003670..15003721:-
chromosome_12_109268	1.9	93 +/- 1%	-	25	25	0	0	yes	-	-	-	-	aaaaaaaaggaacgccugaucg	cccaggcguucucuuuuuccucu	cccaggcguucucuuuuuccucucgccgcaaaaaaaaggaacgccugaucg	chromosome_12:462115..462166:-
chromosome_5_32169	1.9	93 +/- 1%	-	1914	1908	0	6	yes	-	-	-	-	gcugugacuaucuacuugcaaa	auucaaguagauagugaca	auucaaguagauagugacaggguuaaaggcugugacuaucuacuugcaaa	chromosome_5:13785891..13785941:+
chromosome_6_40081	1.9	93 +/- 1%	-	13	13	0	0	yes	-	-	-	-	aguaaagagauugucuggacguuuu	aauuuggaaucuuuuugccag	aauuuggaaucuuuuugccaggggauaagguaaagugcccucuuccuuguucuaguaaagagauugucuggacguuuu	chromosome_6:3204321..3204399:+
chromosome_14_156639	1.8	93 +/- 1%	-	29	29	0	0	yes	-	-	-	-	uugccuuuugauuauacuuuuc	caaguuuaaucaauuggcaaua	caaguuuaaucaauuggcaauauuuuaaauauugccuuuugauuauacuuuuc	chromosome_14:39460290..39460343:+
chromosome_3_14162	1.8	93 +/- 1%	-	78	78	0	0	yes	-	-	-	-	cacggguaaaaucagacaugcca	gcaggucagauguuaaccggugc	cacggguaaaaucagacaugccauaauauauuaaggcaggucagauguuaaccggugc	chromosome_3:4043383..4043441:+
chromosome_4_24316	1.8	93 +/- 1%	-	685	680	0	5	yes	-	-	-	-	ucagguuuggaguucagugaau	gcuggaacuccaaacaaga	ucagguuuggaguucagugaauaaaucgcuggaacuccaaacaaga	chromosome_4:21650680..21650726:+
chromosome_7_50087	1.8	93 +/- 1%	-	26	14	0	12	yes	-	-	-	-	auguuaucucuacacaaccuuu	agagguugcguagaaauaacauu	agagguugcguagaaauaacauuauuuauuaauguuaucucuacacaaccuuu	chromosome_7:1696737..1696790:+
chromosome_4_24286	1.8	93 +/- 1%	-	685	680	0	5	yes	-	-	-	-	ucagguuuggaguucagugaau	gcuggaacuccaaacaaga	ucagguuuggaguucagugaauaaaucgcuggaacuccaaacaaga	chromosome_4:21641875..21641921:+
chromosome_13_118143	1.8	93 +/- 1%	-	57	57	0	0	yes	-	-	-	-	acgaaacuccaaacaaga	uccuuuggaguuucacuu	uccuuuggaguuucacuuuuuaugcacgaaacuccaaacaaga	chromosome_13:11450741..11450784:+
chromosome_14_185445	1.8	93 +/- 1%	-	17	17	0	0	yes	-	-	-	-	agaagaacuguucagguuauuua	aauaacaacuacaguucuucucu	agaagaacuguucagguuauuuauaauaaauauuaauaacaacuacaguucuucucu	chromosome_14:41841525..41841582:-
chromosome_4_28680	1.8	93 +/- 1%	-	84	84	0	0	yes	-	-	-	-	cucuaaaccaacuuccguucuga	ugaacggaucuugguguagagga	ugaacggaucuugguguagaggaauaaucucuaaaccaacuuccguucuga	chromosome_4:20896668..20896719:-
chromosome_1_5810	1.8	93 +/- 1%	-	28	28	0	0	yes	-	-	-	-	uuaauuucuuccaccguauucu	aauaugguggaaaaaauuaaua	aauaugguggaaaaaauuaauaauuauuauuaauuucuuccaccguauucu	chromosome_1:17575688..17575739:-
chromosome_10_85366	1.8	93 +/- 1%	-	170	170	0	0	yes	-	-	-	-	uuuuaacgauucuaguuuacuuua	ugguaaacuaagaugguuaaaucu	uuuuaacgauucuaguuuacuuuauuuuaugguaaacuaagaugguuaaaucu	chromosome_10:30951892..30951945:+
chromosome_6_46333	1.8	93 +/- 1%	-	30	30	0	0	yes	-	-	-	-	gcugucacgugguugauaua	uaucaaacacaugacagugu	gcugucacgugguugauauacauuuaaugcauaucaaacacaugacagugu	chromosome_6:10443389..10443440:-
chromosome_5_31642	1.8	93 +/- 1%	-	150	150	0	0	yes	-	-	-	-	acagccguaauugcaauaauua	auuauugcaguugcugcuauug	acagccguaauugcaauaauuauaauaaauauaauuauugcaguugcugcuauug	chromosome_5:11282790..11282845:+
chromosome_7_51461	1.8	93 +/- 1%	-	243	243	0	0	yes	-	-	-	-	uccagccagacauacauugcaau	uuccauguauguaugguugaaca	uuccauguauguaugguugaacaauaauuguccagccagacauacauugcaau	chromosome_7:8916388..8916441:+
chromosome_11_92299	1.8	93 +/- 1%	-	32	32	0	0	yes	-	-	-	-	uaaauuccugcuauaaacugc	aguuuauugcaggcauuuaaa	aguuuauugcaggcauuuaaauauuuauuauaaauuccugcuauaaacugc	chromosome_11:4079682..4079733:+
chromosome_11_91761	1.8	93 +/- 1%	-	23	22	0	1	yes	-	-	-	-	gauugcaaguuuuccuacuaccu	agauacuaggaaaacuugcaa	agauacuaggaaaacuugcaauucaaagauugcaaguuuuccuacuaccu	chromosome_11:404865..404915:+
chromosome_10_85358	1.8	93 +/- 1%	-	170	170	0	0	yes	-	-	-	-	uuuuaacgauucuaguuuacuuua	ugguaaacuaagaugguuaaaucu	uuuuaacgauucuaguuuacuuuauuuuaugguaaacuaagaugguuaaaucu	chromosome_10:30942864..30942917:+
chromosome_3_17746	1.8	93 +/- 1%	-	89	86	0	3	yes	-	-	-	-	uggcaugucugauuuuacccgug	uuaacaucugaccugccuu	uuaacaucugaccugccuuaauauauuauggcaugucugauuuuacccgug	chromosome_3:4043383..4043434:-
chromosome_12_112896	1.7	93 +/- 1%	-	79	79	0	0	yes	-	-	-	-	cagcgcucuaccaacugag	cagaaauuuugagacgcugag	cagaaauuuugagacgcugaguguugguccggucugggguucaaacucucgaccucccgcacagcaguucagcgcucuaccaacugag	chromosome_12:24243089..24243177:-
chromosome_4_28887	1.7	93 +/- 1%	-	48	48	0	0	yes	-	-	-	-	ucuuguuuggaguuucgu	gaaacuccaaaaaagagu	ucuuguuuggaguuucguacauaaaacacgaaacuccaaaaaagagu	chromosome_4:21691506..21691553:-
chromosome_8_68280	1.7	93 +/- 1%	-	35	35	0	0	yes	-	-	-	-	acggauauacagaucggacgcaaa	agcggaagaucuguaugagcguuu	agcggaagaucuguaugagcguuuaaaacggauauacagaucggacgcaaa	chromosome_8:25638239..25638290:-
chromosome_13_130832	1.7	93 +/- 1%	-	20	20	0	0	yes	-	-	-	-	gugggagauuaggucgcu	uggucgcuaauagccucccacgc	uggucgcuaauagccucccacgcaguuucugagcaguuguucuaaagaacgacugcgugggagauuaggucgcu	chromosome_13:37271130..37271204:-
chromosome_3_17680	1.7	93 +/- 1%	-	8414	8414	0	0	yes	-	-	-	-	auaagauggaaccuacaagauca	aacuuauaggucccauccaauua	aacuuauaggucccauccaauuaaauaagauggaaccuacaagauca	chromosome_3:3503369..3503416:-
chromosome_14_157341	1.7	93 +/- 1%	-	17	17	0	0	yes	-	-	-	-	uaaauaaccugaacaguucuucu	aagaacuguaguuguuauuaaua	aagaacuguaguuguuauuaauauuuauuauaaauaaccugaacaguucuucu	chromosome_14:41841529..41841582:+
chromosome_7_56410	1.7	93 +/- 1%	-	24	24	0	0	yes	-	-	-	-	ucaaggcuaaaauucgauagc	gguccaauuuuacccuuggua	gguccaauuuuacccuugguauuuuguaucaaggcuaaaauucgauagc	chromosome_7:9717206..9717255:-
chromosome_13_117535	1.7	93 +/- 1%	-	82	82	0	0	yes	-	-	-	-	uucucuacuguuacacggucaca	uggcuguguaacaguugaaagua	uggcuguguaacaguugaaaguaauaguuauucucuacuguuacacggucaca	chromosome_13:7028645..7028698:+
chromosome_4_27915	1.7	93 +/- 1%	-	23	23	0	0	yes	-	-	-	-	cgaucaggcguuccuuuuuuua	agaaaaauaacgccugauugca	cgaucaggcguuccuuuuuuuacggcaaucgcaagaaaaauaacgccugauugca	chromosome_4:16119666..16119721:-
chromosome_5_32167	1.7	93 +/- 1%	-	1937	1908	0	29	yes	-	-	-	-	gcugugacuaucuacuugcaaa	aauucaaguagauagugacag	aauucaaguagauagugacaggguuaaaggcugugacuaucuacuugcaaa	chromosome_5:13785738..13785789:+
chromosome_11_99176	1.7	93 +/- 1%	-	9	5	4	0	yes	-	-	-	-	ugcgaauacagccgccucu	aggcggcuauauucgcaca	ugcgaauacagccgccucucacgcuccgauucgcuugcuccgaacgcaacaagcggaucggagcgugagaggcggcuauauucgcaca	chromosome_11:14248205..14248293:-
chromosome_9_69304	1.6	93 +/- 1%	-	41	41	0	0	yes	-	-	-	-	aacgguaccacaaauagagaau	ccucuaguugagauaccuuuug	aacgguaccacaaauagagaauuuauuccucuaguugagauaccuuuug	chromosome_9:908906..908955:+
chromosome_2_11313	1.6	93 +/- 1%	-	764	764	0	0	yes	-	-	-	-	uggaagcacaguucguuuugacaa	gucaauaaaaacuaugcaacccacu	uggaagcacaguucguuuugacaacacuuaaaguugucaauaaaaacuaugcaacccacu	chromosome_2:5314212..5314272:-
chromosome_14_184765	1.6	93 +/- 1%	-	11	11	0	0	yes	-	-	-	-	uacgcuacaugucuauguaca	uacauguacauguagcuuaaa	uacgcuacaugucuauguacaugucgaacauguacauguacauguagcuuaaa	chromosome_14:39291996..39292049:-
chromosome_10_86977	1.6	93 +/- 1%	-	11	11	0	0	yes	-	-	-	-	cguugucaagaaccccugca	gagggaaaucuuggaaacgua	cguugucaagaaccccugcaaauuuugauugagggaaaucuuggaaacgua	chromosome_10:6340236..6340287:-
chromosome_9_79530	1.6	93 +/- 1%	-	250	250	0	0	yes	-	-	-	-	uaccagugagaacagaaaugcgu	acauuuuuguuuucuuuuguaau	acauuuuuguuuucuuuuguaauuuuaaguuaccagugagaacagaaaugcgu	chromosome_9:29811346..29811399:-
chromosome_7_56315	1.6	93 +/- 1%	-	226	226	0	0	yes	-	-	-	-	auugcaauguaugucuggcugga	caaccauacauacauggaaauga	auugcaauguaugucuggcuggacaauuauuguucaaccauacauacauggaaauga	chromosome_7:8916384..8916441:-
chromosome_5_38558	1.6	93 +/- 1%	-	63	63	0	0	yes	-	-	-	-	aguguacaauuccuaaguaag	aacuuugguauuguacacucu	aacuuugguauuguacacucuaaaaguguacaauuccuaaguaag	chromosome_5:23799493..23799538:-
chromosome_14_157504	1.6	93 +/- 1%	-	26	26	0	0	yes	-	-	-	-	uugaagacugagguaaagu	uuuacaucaaucuccaauc	uugaagacugagguaaagucgcgagucucacaacuuuacaucaaucuccaauc	chromosome_14:43263148..43263201:+
chromosome_1_4956	1.6	93 +/- 1%	-	14	14	0	0	yes	-	-	-	-	ugaaaagaucggcgucuga	agacgccgaucuuucagu	agacgccgaucuuucaguacuuaauucaaagguucggcucgugaaaagaucggcgucuga	chromosome_1:12449020..12449080:-
chromosome_4_28834	1.6	93 +/- 1%	-	35	31	0	4	yes	-	-	-	-	cugaacuccaaaccauauu	ggaguuccuguguuuuuuuca	ggaguuccuguguuuuuuucacugaacuccaaaccauauu	chromosome_4:21653199..21653239:-
chromosome_4_28806	1.6	93 +/- 1%	-	35	31	0	4	yes	-	-	-	-	cugaacuccaaaccauauu	ggaguuccuguguuuuuuuca	ggaguuccuguguuuuuuucacugaacuccaaaccauauu	chromosome_4:21644389..21644429:-
chromosome_13_125733	1.6	93 +/- 1%	-	14	14	0	0	yes	-	-	-	-	uguaaagaacuucuuuugguc	ccaaaauaaguuuuuuauacu	uguaaagaacuucuuuuggucuuuaaaggccaaaauaaguuuuuuauacu	chromosome_13:9836294..9836344:-
chromosome_7_58455	1.5	93 +/- 1%	-	11	11	0	0	yes	-	-	-	-	uauguagggcuauguaggg	cauguauagcuuuuguauggc	uauguagggcuauguagggcuacguagggcuauguagagcuauguagagcuauguagagcacauguauagcuuuuguauggc	chromosome_7:23126665..23126747:-
chromosome_14_134027	1.5	93 +/- 1%	-	56	56	0	0	yes	-	-	-	-	ucgucgaaaaauugagaaucacu	cgauugucaauuuuucgauuaaa	cgauugucaauuuuucgauuaaauuuaauuucgucgaaaaauugagaaucacu	chromosome_14:9961783..9961836:+
chromosome_12_112682	1.5	93 +/- 1%	-	111	111	0	0	yes	-	-	-	-	auuauuacacagccaugaacacu	uuuucauggcugagaaauaauua	uuuucauggcugagaaauaauuaaaaauuauuacacagccaugaacacu	chromosome_12:23068728..23068777:-
chromosome_13_117117	1.5	93 +/- 1%	-	14	14	0	0	yes	-	-	-	-	cuggaaaaucugcaugcc	agugcauuuccgauuuccagcc	agugcauuuccgauuuccagccgguuuugucccagaacuggcuggaaaaucugcaugcc	chromosome_13:3632684..3632743:+
chromosome_9_75220	1.5	93 +/- 1%	-	37	37	0	0	yes	-	-	-	-	ucaguagucaauguuacacgcc	cguguaauauugaacuaugaauc	cguguaauauugaacuaugaaucaaagucaguagucaauguuacacgcc	chromosome_9:4184707..4184756:-
chromosome_14_184781	1.5	93 +/- 1%	-	60	60	0	0	yes	-	-	-	-	ugugguuuuacgaaguuuuugaa	uuaaaacuucauaaaaccacaca	ugugguuuuacgaaguuuuugaaguuaaaacuucauaaaaccacaca	chromosome_14:39459732..39459779:-
chromosome_14_162669	1.5	93 +/- 1%	-	890	890	0	0	yes	-	-	-	-	gaaucaacaguucaucuc	ggucgacuguuugguuuga	gaaucaacaguucaucucguuaucaaugaucuguuucucuaaacaggucgacuguuugguuuga	chromosome_14:12678346..12678410:-
chromosome_4_24297	1.4	93 +/- 1%	-	687	674	0	13	yes	-	-	-	-	ucagguuuggaguucagugaau	aaucaauagaacuccaaacaa	ucagguuuggaguucagugaauuagugaauaaaucaauagaacuccaaacaa	chromosome_4:21644167..21644219:+
chromosome_3_18272	1.4	93 +/- 1%	-	40	40	0	0	yes	-	-	-	-	ccauccaacuucaauuguga	acaauugcaguucgauucau	ccauccaacuucaauugugaaguuaaacuuuacaauugcaguucgauucau	chromosome_3:7689827..7689878:-
chromosome_4_24327	1.4	93 +/- 1%	-	687	674	0	13	yes	-	-	-	-	ucagguuuggaguucagugaau	aaucaauagaacuccaaacaa	ucagguuuggaguucagugaauuagugaauaaaucaauagaacuccaaacaa	chromosome_4:21652977..21653029:+
chromosome_7_55265	1.4	93 +/- 1%	-	28	28	0	0	yes	-	-	-	-	agaagaucuggaacggaguuaaa	uaacccauuccagacuuucaua	agaagaucuggaacggaguuaaagcgauaagcuguuaacccauuccagacuuucaua	chromosome_7:3011168..3011225:-
chromosome_1_2656	1.4	93 +/- 1%	-	26	26	0	0	yes	-	-	-	-	agaauacgguggaagaaauuaa	aauuuuuuccaccauauucuaa	agaauacgguggaagaaauuaauaauaauuauuaauuuuuuccaccauauucuaa	chromosome_1:17575688..17575743:+
chromosome_5_36574	1.4	93 +/- 1%	-	158	158	0	0	yes	-	-	-	-	uaauuauugcaauuacggcugu	agcagcaacugcaauaauuaua	agcagcaacugcaauaauuauauuuauuauaauuauugcaauuacggcugu	chromosome_5:11282790..11282841:-
chromosome_5_31877	1.4	93 +/- 1%	-	62	62	0	0	yes	-	-	-	-	uaagaaauguacaggaacugca	uaguuucuguaaauuucuuaau	uaguuucuguaaauuucuuaauuacuaagaaauguacaggaacugca	chromosome_5:12612082..12612129:+
chromosome_7_54249	1.4	93 +/- 1%	-	28	28	0	0	yes	-	-	-	-	ugaaguggggaagggugcc	cacuguaccccuucuca	cacuguaccccuucucagcuuauagucucucccucauugaaggacauuguugcgugugaaguggggaagggugcc	chromosome_7:27661457..27661532:+
chromosome_5_33741	1.4	93 +/- 1%	-	30	27	0	3	yes	-	-	-	-	ucacauuucccagguuauuguaagu	acauuaaucuggggauuguacacu	acauuaaucuggggauuguacacuuuauguucacauuucccagguuauuguaagu	chromosome_5:23796427..23796482:+
chromosome_12_102800	1.4	93 +/- 1%	-	72	72	0	0	yes	-	-	-	-	aacgggacaaaagcaacuagcaaa	ugcuugaagcuuuugccuuuuuc	aacgggacaaaagcaacuagcaaaugauaaacaugugcuugaagcuuuugccuuuuuc	chromosome_12:6479796..6479854:+
chromosome_6_48203	1.4	93 +/- 1%	-	90	90	0	0	yes	-	-	-	-	caagaauuuuucgcagguuucua	gaagccugcaaaaaacucuugag	caagaauuuuucgcagguuucuaaaaaauaaauauagaagccugcaaaaaacucuugag	chromosome_6:20409340..20409399:-
chromosome_14_162083	1.4	93 +/- 1%	-	47	47	0	0	yes	-	-	-	-	agugauucucaauuuuucgacga	aucgaaaaauugacaaucgcuuu	agugauucucaauuuuucgacgaaauuaaauuuaaucgaaaaauugacaaucgcuuu	chromosome_14:9961779..9961836:-
chromosome_1_2996	1.4	93 +/- 1%	-	10	10	0	0	yes	-	-	-	-	gaucauccaucuagcgaua	uugacuagaugugugaucug	gaucauccaucuagcgauaacaguaacuguuauugacuagaugugugaucug	chromosome_1:19912667..19912719:+
chromosome_4_26885	1.4	93 +/- 1%	-	46	46	0	0	yes	-	-	-	-	uuugaagauauuuacugaccugu	aggucaauaaauauuccaaaaa	uuugaagauauuuacugaccugucuuuaaaagaaaggucaauaaauauuccaaaaa	chromosome_4:10324790..10324846:-
chromosome_14_158356	1.4	93 +/- 1%	-	16	16	0	0	yes	-	-	-	-	cccuguuauccaugcugauugug	ugauuaguauagcuaacaggaag	cccuguuauccaugcugauuguggcaucacccaugauuaguauagcuaacaggaag	chromosome_14:48508033..48508089:+
chromosome_11_92358	1.4	93 +/- 1%	-	9	9	0	0	yes	-	-	-	-	uagcuuccguuguacuuagu	uaagcauaacggaagcuaug	uagcuuccguuguacuuaguaauggacuaaguaauuccauuacuaagcauaacggaagcuaug	chromosome_11:4453944..4454007:+
chromosome_9_76652	1.3	93 +/- 1%	-	10	10	0	0	yes	-	-	-	-	ugacagaaacgaucgggg	ccgaucgcaagaaaacuguuaga	ccgaucgcaagaaaacuguuagaagcgacagaggugacagaaacgaucgggg	chromosome_9:12059554..12059606:-
chromosome_3_15088	1.3	93 +/- 1%	-	423	423	0	0	yes	-	-	-	-	uggcgauuuguuccagugcugggc	uguagcccggucgcagauuccauc	uggcgauuuguuccagugcugggcaguuggaaauauccaggugcuguagcccggucgcagauuccauc	chromosome_3:11266965..11267033:+
chromosome_9_72541	1.3	93 +/- 1%	-	60	60	0	0	yes	-	-	-	-	uacucugucauuguaguuguuga	aacaacuaccauaacaguauuua	aacaacuaccauaacaguauuuauuuuaauauacucugucauuguaguuguuga	chromosome_9:19143460..19143514:+
chromosome_5_33740	1.3	93 +/- 1%	-	139	139	0	0	yes	-	-	-	-	ccaauaaucuggggauugugcacu	uuuacauaacccagauuauuguaa	ccaauaaucuggggauugugcacuuuacguuuacauaacccagauuauuguaa	chromosome_5:23795878..23795931:+
chromosome_14_157111	1.3	93 +/- 1%	-	4	3	0	1	yes	-	-	-	-	cagcuaauaauacaaacauugac	ugcuguuugcauuauuagcaaugaa	ugcuguuugcauuauuagcaaugaaacuuuggcuuucagcuaauaauacaaacauugac	chromosome_14:40646882..40646941:+
chromosome_11_97973	1.3	93 +/- 1%	-	12	12	0	0	yes	-	-	-	-	gccguauaaauguaguauucag	aaauacuucauguauacggcuu	gccguauaaauguaguauucagcgauugucacuaaauacuucauguauacggcuu	chromosome_11:7921119..7921174:-
chromosome_7_55440	1.3	93 +/- 1%	-	19	5	3	11	yes	-	-	-	-	cagucugcagucugcauuu	uacccagucugcagucug	uacccagucugcagucugcaaucugcauuuuguaccuagucugcauuuuguacccggucugcagucugcagucugcagucugcauuu	chromosome_7:3988489..3988576:-
chromosome_10_85740	1.3	93 +/- 1%	-	108	108	0	0	yes	-	-	-	-	ucauuaaguucagaagguuua	aaucuccuuaacuuaaugggu	ucauuaaguucagaagguuuaaaauuaaauuuaaaucuccuuaacuuaaugggu	chromosome_10:33589080..33589134:+
chromosome_13_121559	1.3	93 +/- 1%	-	10	9	0	1	yes	-	-	-	-	aauucggucuguaaucauac	guaugaucacagaccgaa	aauucggucuguaaucauacucgugauuaacaaaucacaaguaugaucacagaccgaa	chromosome_13:29360875..29360933:+
chromosome_10_81791	1.3	93 +/- 1%	-	9	2	7	0	yes	-	-	-	-	uagccuccuuugcagacgu	aucuguggaggagguuaaa	uagccuccuuugcagacguucuuugagcucgucauguaggugagaaaggcgugacgagcccaaagaacaucuguggaggagguuaaa	chromosome_10:12092140..12092227:+
chromosome_3_17299	1.3	93 +/- 1%	-	196	196	0	0	yes	-	-	-	-	cuugcgggauuguuggag	cuaauaguucccgccaacg	cuugcgggauuguuggagaggcaacgggccucucucaugguuaacccucucuaauaguucccgccaacg	chromosome_3:1046440..1046509:-
chromosome_11_94140	1.3	93 +/- 1%	-	9	7	0	2	yes	-	-	-	-	uuaccauccgucaaguuaau	auuaacuugacggaugguaa	uuaccauccgucaaguuaaugguuaaaccauuaacuugacggaugguaa	chromosome_11:15003672..15003721:+
chromosome_13_125676	1.3	93 +/- 1%	-	10	10	0	0	yes	-	-	-	-	acgcuaggaagggaugccggga	gcgguaucccuugcuaccauua	gcgguaucccuugcuaccauuauuuauuaacgcuaggaagggaugccggga	chromosome_13:9337562..9337613:-
chromosome_14_157344	1.3	93 +/- 1%	-	14	12	0	2	yes	-	-	-	-	ugaaugacuguauuugcuauu	aauagcgacuacaguucuucaca	ugaaugacuguauuugcuauuaaaauuuguuauuaauagcgacuacaguucuucaca	chromosome_14:41841927..41841984:+
chromosome_13_120885	1.2	93 +/- 1%	-	101	95	0	6	yes	-	-	-	-	uagugauggaacuuacuuaagauu	ggucccaaguagguuccgacac	ggucccaaguagguuccgacacuacuaaauagugauggaacuuacuuaagauu	chromosome_13:25931007..25931060:+
chromosome_4_25593	1.2	93 +/- 1%	-	1008	1008	0	0	yes	-	-	-	-	acuaaccagccuagacuuga	aagccuauguugguauagugu	acuaaccagccuagacuugacaaaauaaacaugaaaagccuauguugguauagugu	chromosome_4:1651017..1651073:-
chromosome_1_5888	1.2	93 +/- 1%	-	256	256	0	0	yes	-	-	-	-	gcugaguuccauaaacaugcaaaa	uugcuuguuuaugaacuaagaca	uugcuuguuuaugaacuaagacaaagcugaguuccauaaacaugcaaaa	chromosome_1:18136832..18136881:-
chromosome_14_156641	1.2	93 +/- 1%	-	29	29	0	0	yes	-	-	-	-	uugccuuuugauuauacuuuuc	caaguuuaaucaauuggcaaua	caaguuuaaucaauuggcaauauuuuaaguauugccuuuugauuauacuuuuc	chromosome_14:39462122..39462175:+
chromosome_13_125780	1.2	93 +/- 1%	-	17	17	0	0	yes	-	-	-	-	cgugaugcgguuccaguca	aaugugacugcgugaugca	aaugugacugcgugaugcaguuauguguccuauauauguguacuuguacugauuugacuaugugacugcgugaugcgguuccaguca	chromosome_13:10300686..10300773:-
chromosome_7_50182	1.1	93 +/- 1%	-	20	20	0	0	yes	-	-	-	-	acgaugagagucguacaauaua	uauugagacgacuuucaccgccu	acgaugagagucguacaauauacaguaaaauguuuauugagacgacuuucaccgccu	chromosome_7:2303838..2303895:+
chromosome_5_35013	1.1	93 +/- 1%	-	10	10	0	0	yes	-	-	-	-	ucgcagacguaaccuagcccc	auuuaguuucgucugcggca	ucgcagacguaaccuagccccugccagacggacuaaaucaggauuuaguuucgucugcggca	chromosome_5:1288558..1288620:-
chromosome_12_107452	1.1	93 +/- 1%	-	13	13	0	0	yes	-	-	-	-	guaccacauguacuucuua	caaaguacuggguacca	guaccacauguacuucuuagcuuaggucccaggucaucuuuggauguuucgucuacaaaguacuggguacca	chromosome_12:32030140..32030212:+
chromosome_14_184783	1.1	93 +/- 1%	-	29	29	0	0	yes	-	-	-	-	gaaaaguauaaucaaaaggcaa	gccaauugauuaaacuugcau	gaaaaguauaaucaaaaggcaauauuuaaaauauugccaauugauuaaacuugcau	chromosome_14:39460287..39460343:-
chromosome_1_6144	1.1	93 +/- 1%	-	11	11	0	0	yes	-	-	-	-	uaucgcuagauggaugauc	ucacacaucuagucaauaac	ucacacaucuagucaauaacaguuacuguuaucgcuagauggaugauc	chromosome_1:19912667..19912715:-
chromosome_9_76701	1.1	93 +/- 1%	-	8	6	2	0	yes	-	-	-	-	caagugacuugugggauauucc	aauauuccacuugccacuugua	aauauuccacuugccacuuguauuuucuugguauacacacgagccuuuaggcaaguguguauaccaagaaaauacaagugacuugugggauauucc	chromosome_9:12487400..12487496:-
chromosome_5_31090	1.1	93 +/- 1%	-	121	121	0	0	yes	-	-	-	-	ucugauccuuauugcucuaagau	uuuagagugauaaauaccagaug	ucugauccuuauugcucuaagauuaguaaucaauuuuagagugauaaauaccagaug	chromosome_5:8149203..8149260:+
chromosome_6_49294	1.1	93 +/- 1%	-	77	77	0	0	yes	-	-	-	-	agaugguagagcagugga	cacgcucuauucccaucaug	cacgcucuauucccaucauggcacuguagccuagaugguagagcagugga	chromosome_6:28301040..28301090:-
chromosome_13_123416	1	93 +/- 1%	-	2517	2514	0	3	yes	-	-	-	-	ucugguguucauucucuuucuga	uuagauagaagauggacacca	ucugguguucauucucuuucugacaacaacaguuagauagaagauggacacca	chromosome_13:39611470..39611523:+
chromosome_5_33289	1	93 +/- 1%	-	10	10	0	0	yes	-	-	-	-	cacugcuuaaaagggauucaa	gaauaccguucaagcaugga	gaauaccguucaagcauggaaaaaauccacugcuuaaaagggauucaa	chromosome_5:20534571..20534619:+
chromosome_3_17737	1	93 +/- 1%	-	13	13	0	0	yes	-	-	-	-	uaaacugaauuacaauaugccau	ugcauguuguauuacaguaaaau	uaaacugaauuacaauaugccauaauuauuacugcauguuguauuacaguaaaau	chromosome_3:4023197..4023252:-
chromosome_4_24308	1	93 +/- 1%	-	583	577	0	6	yes	-	-	-	-	ucagguuuggaguucagugaau	acuggaacuccaaacaaga	ucagguuuggaguucagugaauaaaucacuggaacuccaaacaaga	chromosome_4:21646398..21646444:+
chromosome_9_77933	1	93 +/- 1%	-	60	60	0	0	yes	-	-	-	-	ucaacaacuacaaugacagagua	uacuguuaugguaguuguuguug	ucaacaacuacaaugacagaguauauuaaaauaaauacuguuaugguaguuguuguug	chromosome_9:19143456..19143514:-
chromosome_9_71571	1	93 +/- 1%	-	9	7	0	2	yes	-	-	-	-	ugcaagccguucauacauuguc	ugaaagacuugcguaaacg	ugaaagacuugcguaaacguauaugcaagccguucauacauuguc	chromosome_9:14363749..14363794:+
chromosome_10_83140	1	93 +/- 1%	-	8	6	1	1	yes	-	-	-	-	aacauauuuacgcccaagaa	cgggcguaaacauguuuuu	cgggcguaaacauguuuuuggcccgacucaggcucauucuaaaaugagcucugagaagggccaaaaacauauuuacgcccaagaa	chromosome_10:19549157..19549242:+
chromosome_10_85322	1	93 +/- 1%	-	170	170	0	0	yes	-	-	-	-	uuuuaacgauucuaguuuacuuua	ugguaaacuaagaugguuaaaucu	uuuuaacgauucuaguuuacuuuauuuuaugguaaacuaagaugguuaaaucu	chromosome_10:30761418..30761471:+
chromosome_3_20405	0.9	86 +/- 2%	-	9	9	0	0	yes	-	-	-	-	uaggguuaggguuaggguuag	aauccuggauccgccccugua	uaggguuaggguuaggguuagggguaggguuaggguuaggcccuaauggucugccauccacccccccuuuugaaauccuggauccgccccugua	chromosome_3:21144003..21144097:-
chromosome_11_100114	0.9	86 +/- 2%	-	79	79	0	0	yes	-	-	-	-	agggggcauaacuguacgugcaa	gcaaguacaguuaaaaccauauu	gcaaguacaguuaaaaccauauuaaagggggcauaacuguacgugcaa	chromosome_11:22863428..22863476:-
chromosome_14_136357	0.9	86 +/- 2%	-	146	146	0	0	yes	-	-	-	-	uuugauccaaaacagcugccaua	aggcaaauguuuugaaucaccuc	aggcaaauguuuugaaucaccucaaagauuugauccaaaacagcugccaua	chromosome_14:16793107..16793158:+
chromosome_12_106787	0.9	86 +/- 2%	-	143	143	0	0	yes	-	-	-	-	ucuaccuguaacaauugcucagu	ugaauaauuguuacaaauagaau	ugaauaauuguuacaaauagaauguauuauucuaccuguaacaauugcucagu	chromosome_12:29194487..29194540:+
chromosome_12_112685	0.9	86 +/- 2%	-	164	164	0	0	yes	-	-	-	-	aaaguguauauggccgagaaaua	ucauacagccauguucacuguag	aaaguguauauggccgagaaauaauuaacaauauuaucauacagccauguucacuguag	chromosome_12:23069228..23069287:-
chromosome_11_92496	0.8	86 +/- 2%	-	13	13	0	0	yes	-	-	-	-	ucaaaguggcaauucauagau	uuauguuaucgccauauuugaua	ucaaaguggcaauucauagauuuaguuuauguuaucgccauauuugaua	chromosome_11:5268630..5268679:+
chromosome_11_96933	0.8	86 +/- 2%	-	29	29	0	0	yes	-	-	-	-	cuaaccacugagcuacugaga	ucuaguggugagcaguggucauuu	cuaaccacugagcuacugagaacucuaguggugagcaguggucauuu	chromosome_11:814715..814762:-
chromosome_5_32267	0.8	86 +/- 2%	-	9	9	0	0	yes	-	-	-	-	ucacaaucaacgaugacagaua	uuugucauguuugauugugaca	uuugucauguuugauugugacaaauuaucugucacaaucaacgaugacagaua	chromosome_5:14609327..14609380:+
chromosome_12_105247	0.8	86 +/- 2%	-	184	184	0	0	yes	-	-	-	-	uauuucucggccauauacacuuu	agugaacauggcuguaugauaau	agugaacauggcuguaugauaauauuguuaauuauuucucggccauauacacuuu	chromosome_12:23069232..23069287:+
chromosome_5_38125	0.8	86 +/- 2%	-	9	9	0	0	yes	-	-	-	-	uugaaucccuuuuaagcagug	augcuugaacgguauucaaac	uugaaucccuuuuaagcaguggauuuuuuccaugcuugaacgguauucaaac	chromosome_5:20534567..20534619:-
chromosome_5_35288	0.8	86 +/- 2%	-	8	8	0	0	yes	-	-	-	-	cccucugagaucugcauaauucu	aauuaugcagaucaacgagggua	aauuaugcagaucaacgaggguauaauccgccgaagccgaaggcugagguggauaacacccucugagaucugcauaauucu	chromosome_5:3053873..3053954:-
chromosome_8_59741	0.8	86 +/- 2%	-	18	18	0	0	yes	-	-	-	-	gauacuuugagacucguaaaucu	aaucacgaaucucaaaaaaucua	aaucacgaaucucaaaaaaucuauuaaauagauacuuugagacucguaaaucu	chromosome_8:695712..695765:+
chromosome_6_41604	0.8	86 +/- 2%	-	181	181	0	0	yes	-	-	-	-	gaugguagaguaguggac	cuuggauucaaauccgaucug	gaugguagaguaguggacuuguaacccaaaggucuuggauucaaauccgaucug	chromosome_6:11894569..11894623:+
chromosome_14_186502	0.8	86 +/- 2%	-	14	14	0	0	yes	-	-	-	-	cacaaucagcauggauaacaggg	cuguuagcuauacuaaucauggg	cuguuagcuauacuaaucaugggugaugccacaaucagcauggauaacaggg	chromosome_14:48508033..48508085:-
chromosome_12_104651	0.7	86 +/- 2%	-	19	19	0	0	yes	-	-	-	-	guuacaagaucaacgauuaugca	cauaaugguugcucuugcaacau	cauaaugguugcucuugcaacaugaaaguuacaagaucaacgauuaugca	chromosome_12:19739363..19739413:+
chromosome_8_67215	0.7	86 +/- 2%	-	26	26	0	0	yes	-	-	-	-	cgugcgucuguucagcuaua	ucucugaacagacaaucgac	cgugcgucuguucagcuauagauggacaaaugacgugguaacauggaaaagugacguaaucucugaacagacaaucgac	chromosome_8:17632178..17632257:-
chromosome_8_63468	0.7	86 +/- 2%	-	39	39	0	0	yes	-	-	-	-	uuugcguccgaucuguauauccgu	gcucauacagaucuuccgcucaua	uuugcguccgaucuguauauccguuuuaaacgcucauacagaucuuccgcucaua	chromosome_8:25638239..25638294:+
chromosome_14_186557	0.7	86 +/- 2%	-	10	9	0	1	yes	-	-	-	-	ucacagacguaaccuaacccc	ggauuuaguuuccucggcggcg	ucacagacguaaccuaaccccagucaggauuuaguuuccucggcggcg	chromosome_14:48964003..48964051:-
chromosome_14_184785	0.7	86 +/- 2%	-	29	29	0	0	yes	-	-	-	-	gaaaaguauaaucaaaaggcaa	gccaauugauuaaacuugcau	gaaaaguauaaucaaaaggcaauacuuaaaauauugccaauugauuaaacuugcau	chromosome_14:39462119..39462175:-
chromosome_13_117852	0.7	86 +/- 2%	-	10	10	0	0	yes	-	-	-	-	ucccggcaucccuuccuagcgu	gguagcaagggauaccgcgaag	ucccggcaucccuuccuagcguuaauaaauaaugguagcaagggauaccgcgaag	chromosome_13:9337562..9337617:+
chromosome_11_97606	0.7	86 +/- 2%	-	9	9	0	0	yes	-	-	-	-	aucuaugaauugccacuuuga	aaauauggcgauuacauaaacua	aaauauggcgauuacauaaacuaaaucuaugaauugccacuuuga	chromosome_11:5267139..5267184:-
chromosome_5_39039	0.7	86 +/- 2%	-	200	200	0	0	yes	-	-	-	-	gcaacuuccgcgggcuaaaaau	uuuuaaccagugaaaguugagc	gcaacuuccgcgggcuaaaaauucacauaaaggaauuuuuaaccagugaaaguugagc	chromosome_5:26230032..26230090:-
chromosome_3_14153	0.7	86 +/- 2%	-	11	11	0	0	yes	-	-	-	-	auggcauauuguaauucaguuua	uacuguaauacaacaugcaguaa	uacuguaauacaacaugcaguaauaauuauggcauauuguaauucaguuua	chromosome_3:4023201..4023252:+
chromosome_6_40975	0.7	86 +/- 2%	-	416	416	0	0	yes	-	-	-	-	cuccugugggggugucuu	cccauccucaaaguagac	cccauccucaaaguagacuaucucucaugaagugaucucucaugagacucucuccugugggggugucuu	chromosome_6:9120045..9120114:+
chromosome_11_95048	0.7	86 +/- 2%	-	83	83	0	0	yes	-	-	-	-	uugcacguacaguuaugcccccu	augguuuuaacuguacuugcauau	uugcacguacaguuaugcccccuuuaauaugguuuuaacuguacuugcauau	chromosome_11:22863428..22863480:+
chromosome_14_133162	0.7	86 +/- 2%	-	12	12	0	0	yes	-	-	-	-	augcuugagggacuuauu	uggggacucgggcguuu	augcuugagggacuuauuuuuuacagcuccaccuuggggacucgggcguuu	chromosome_14:6656636..6656687:+
chromosome_1_2738	0.6	86 +/- 2%	-	281	281	0	0	yes	-	-	-	-	uuuugcauguuuauggaacucagc	uuaguucauaaacaagcaacaaa	uuuugcauguuuauggaacucagcuuugucuuaguucauaaacaagcaacaaa	chromosome_1:18136832..18136885:+
chromosome_2_11909	0.6	86 +/- 2%	-	7	7	0	0	yes	-	-	-	-	uucaaaggggaaggagaagg	uucuccuuccucuuugaacg	uucaaaggggaaggagaaggggguuagagcgcuaagcgcaaggugcgacgagcuugaacuccccuucuccuuccucuuugaacg	chromosome_2:9058906..9058990:-
chromosome_12_102474	0.6	86 +/- 2%	-	7	7	0	0	yes	-	-	-	-	ugugucgguggcuaguggug	ccgcuagccaccuccacuuc	ugugucgguggcuagugguggauauuaaccuugccgcuucgcggcucgguaaauauccaccgcuagccaccuccacuuc	chromosome_12:4450540..4450619:+
chromosome_6_40791	0.6	86 +/- 2%	-	30	30	0	0	yes	-	-	-	-	aaagaagugcaagugguaggg	cugucacuuguucuuuuucca	cugucacuuguucuuuuuccacguuuaucugaaagaagugcaagugguaggg	chromosome_6:7715267..7715319:+
chromosome_5_33316	0.6	86 +/- 2%	-	13	13	0	0	yes	-	-	-	-	gucacagaccugauauugc	auuuggguacagugguuu	gucacagaccugauauugccagguuuugccuguauuuggguacagugguuu	chromosome_5:20671318..20671369:+
chromosome_14_188152	0.5	86 +/- 2%	-	10	10	0	0	yes	-	-	-	-	uauagacuauauucaauggcuug	agcuauagauuacagucuauaua	agcuauagauuacagucuauauauucauuauauagacuauauucaauggcuug	chromosome_14:58077186..58077239:-
chromosome_6_48437	0.5	86 +/- 2%	-	264	264	0	0	yes	-	-	-	-	uauuacugaacagacgcacg	ggcgaguguucacgcuuaga	uauuacugaacagacgcacggcaaaaugaaaucuuuuuguuaauuagaucauguuuuggcggcgaguguucacgcuuaga	chromosome_6:21870641..21870721:-
chromosome_12_115425	0.5	86 +/- 2%	-	50	50	0	0	yes	-	-	-	-	aucgggugcagcgacaauuguu	caauuaucacuacaccagauua	aucgggugcagcgacaauuguuuuuaaaacaauuaucacuacaccagauua	chromosome_12:35174195..35174246:-
chromosome_5_31531	0.5	86 +/- 2%	-	13	13	0	0	yes	-	-	-	-	aucccacuucugacacua	gugguaggagagggguac	gugguaggagagggguacuaauggauaaauuguuauaacagauauuucauuaguaggaucccacuucugacacua	chromosome_5:10506166..10506241:+
chromosome_8_65590	0.5	86 +/- 2%	-	356	356	0	0	yes	-	-	-	-	aucccuacaaccccccaac	gggaggggugguguaagauuu	gggaggggugguguaagauuuaaaaaaaagaaaucccuacaaccccccaac	chromosome_8:7152617..7152668:-
chromosome_7_50716	0.5	86 +/- 2%	-	9	9	0	0	yes	-	-	-	-	cauauccaacaagcgcgag	cgcaaacucuugaauaugag	cgcaaacucuugaauaugagauggccgacuauggucguuucauauccaacaagcgcgag	chromosome_7:5094244..5094303:+
chromosome_10_86067	0.5	86 +/- 2%	-	7	7	0	0	yes	-	-	-	-	ucgcagacguaaucuagccccggc	aggguuuagcuucgucugcggcg	ucgcagacguaaucuagccccggcuaguaaggguuuagcuucgucugcggcg	chromosome_10:2028108..2028160:-
chromosome_13_121041	0.4	86 +/- 2%	-	8	8	0	0	yes	-	-	-	-	uugcauccacucgcgucucuguu	cggagacgcaaguagacacaagu	cggagacgcaaguagacacaaguuuucaacuugcauccacucgcgucucuguu	chromosome_13:27081073..27081126:+
chromosome_13_117911	0.4	86 +/- 2%	-	13	13	0	0	yes	-	-	-	-	agaccaaaagaaguucuuuacacu	uauaaaaaacuuauuuuggccuuu	uauaaaaaacuuauuuuggccuuuaaagaccaaaagaaguucuuuacacu	chromosome_13:9836296..9836346:+
chromosome_10_79896	0.4	86 +/- 2%	-	7	5	2	0	yes	-	-	-	-	aucgggacgacgggaauu	aucccguugucccgauag	aucgggacgacgggaauuucgggcgaaaguuuacaacgagagcggacacuuguaaacuuccgcccgaaaaucccguugucccgauag	chromosome_10:75410..75497:+
chromosome_10_81051	0.4	86 +/- 2%	-	11	11	0	0	yes	-	-	-	-	ugcagggguucuugacaacg	uuuccaagauuucccucaau	uuuccaagauuucccucaaucaaaauuugcagggguucuugacaacg	chromosome_10:6340240..6340287:+
chromosome_13_128917	0.3	86 +/- 2%	-	7	7	0	0	yes	-	-	-	-	aacagagacgcgaguggaugcaa	gugucuacuugcgucuccguuug	aacagagacgcgaguggaugcaaguugaaaacuugugucuacuugcgucuccguuug	chromosome_13:27081069..27081126:-
chromosome_1_1071	0.3	86 +/- 2%	-	15	15	0	0	yes	-	-	-	-	uugaggauccauuggagg	ucuggaggaacccucacaagg	ucuggaggaacccucacaagguugugaaauugagaauccaucacaggaucacguucuugaggauccauuggagg	chromosome_1:8131239..8131313:+
chromosome_13_124851	0.3	86 +/- 2%	-	12	12	0	0	yes	-	-	-	-	ggcaugcagauuuuccag	ggaaaucggaaaugcacuu	ggcaugcagauuuuccagccaguucugggacaaaaccggcuggaaaucggaaaugcacuu	chromosome_13:3632683..3632743:-
chromosome_10_84209	0.2	86 +/- 2%	-	6	6	0	0	yes	-	-	-	-	aaaccaugcgcgagacucagc	ugagugucgcgcaugguuuga	aaaccaugcgcgagacucagcaacgaugcacgaugcugagugucgcgcaugguuuga	chromosome_10:24113908..24113965:+
chromosome_14_158951	0.2	86 +/- 2%	-	7	7	0	0	yes	-	-	-	-	cgaccagaggaagacgucu	acgucuuucucuggucgca	acgucuuucucuggucgcacgucauuacucgggagcgcacgaccagaggaagacgucu	chromosome_14:51996220..51996278:+
chromosome_5_38552	0.2	86 +/- 2%	-	127	127	0	0	yes	-	-	-	-	agugcacaauccccagauuauugg	aauaaucuggguuauguaaacgua	aauaaucuggguuauguaaacguaaagugcacaauccccagauuauugg	chromosome_5:23795878..23795927:-
chromosome_14_188139	0.2	86 +/- 2%	-	157	157	0	0	yes	-	-	-	-	uagaacaacagaaucaugaugau	ugucaugauuuuuuuguuucguu	uagaacaacagaaucaugaugauuauaauuacugucaugauuuuuuuguuucguu	chromosome_14:58025790..58025845:-
chromosome_11_92449	0.2	86 +/- 2%	-	303	279	0	24	yes	-	-	-	-	caccacaaaaagaccugccu	uaucaggccuuuucgugauacu	uaucaggccuuuucgugauacuuuuaaagcaccacaaaaagaccugccu	chromosome_11:5010944..5010993:+
chromosome_14_185470	0.1	86 +/- 2%	-	7	7	0	0	yes	-	-	-	-	cuagucuugcguccacuugcgucu	acgcaaguggacccaaguugaaa	acgcaaguggacccaaguugaaaacuagucuugcguccacuugcgucu	chromosome_14:42013666..42013714:-
chromosome_14_132209	0.1	86 +/- 2%	-	7	7	0	0	yes	-	-	-	-	guucgagccccagccggguca	gccuaaugguuagugcaccggacuc	gccuaaugguuagugcaccggacucggaucgagcgguccgaguucgagccccagccggguca	chromosome_14:757888..757950:+
chromosome_3_18830	0.1	86 +/- 2%	-	7	4	0	3	yes	-	-	-	-	uuaccugugguuacucgu	acggguaaccacggguaa	acggguaaccacggguaaccaaacaaauuaaaaggaauaagaguaucuuguuucucaacuauuuugguuaccugugguuacucgu	chromosome_3:12297804..12297889:-
chromosome_12_110211	0.1	86 +/- 2%	-	33	33	0	0	yes	-	-	-	-	aaugggacaaaagcaacuagcaaa	ugcuugaaacuuuugccuauuuc	aaugggacaaaagcaacuagcaaaugauaaacaugugcuugaaacuuuugccuauuuc	chromosome_12:6515501..6515559:-
chromosome_14_187866	0.1	86 +/- 2%	-	10	10	0	0	yes	-	-	-	-	ucgcaggcucagaaggaau	guuuuacugaaucgcuuagugaua	guuuuacugaaucgcuuagugauagcuucaguuguaucgcaggcucagaaggaau	chromosome_14:56456541..56456596:-
chromosome_2_9546	0.1	86 +/- 2%	-	48	48	0	0	yes	-	-	-	-	acauuuauuuuuugugaguucg	aauuuaauuguucgauuuauguuc	acauuuauuuuuugugaguucgauuucguucaaugaccgaacaaaaucgaauuuaauuguucgauuuauguuc	chromosome_2:19233136..19233209:+
chromosome_5_33748	0.1	86 +/- 2%	-	22	22	0	0	yes	-	-	-	-	ccaauaaucuagggauuguacacu	aguacauaacccagauuauuguaa	ccaauaaucuagggauuguacacuuuaggaguacauaacccagauuauuguaa	chromosome_5:23800282..23800335:+
chromosome_9_78683	0.1	86 +/- 2%	-	7	5	0	2	no	-	-	-	-	uggauuugucuucggucgu	uggccccagguucaaaucca	uggccccagguucaaauccaccucccugccacuagauggauuugucuucggucgu	chromosome_9:24425211..24425266:-
chromosome_7_53368	0.1	86 +/- 2%	-	10	5	5	0	yes	-	-	-	-	gacugacugacugacugu	ugucaguuguucaguuag	gacugacugacugacugucugucugucugccugccugacuguauacaggucugccugucugucugucugucugucugucaguuguucaguuag	chromosome_7:21832770..21832863:+
chromosome_10_86943	0	86 +/- 2%	-	7	7	0	0	yes	-	-	-	-	cgugucgguggcuaguggug	ucacuagccaccuccauuuu	cgugucgguggcuagugguggauauucaccucgccgcuuugcgcucgguagauauucaucacuagccaccuccauuuu	chromosome_10:6032419..6032497:-
chromosome_12_114427	0	86 +/- 2%	-	53	53	0	0	yes	-	-	-	-	ucgcagguuugguaaagacauaa	auaacuuuuccaaaacugugaau	ucgcagguuugguaaagacauaauaauaauuacuauaacuuuuccaaaacugugaau	chromosome_12:29812277..29812334:-
chromosome_7_54529	0	86 +/- 2%	-	8	8	0	0	yes	-	-	-	-	uaagacuggguguccugugua	cacugagcccucagucauguc	cacugagcccucagucaugucgguaugugauaagacuggguguccugugua	chromosome_7:29325843..29325894:+
chromosome_11_96502	0	86 +/- 2%	-	6	6	0	0	yes	-	-	-	-	ccggacagaaaucguagcga	gcuacgauuucugcacgguu	ccggacagaaaucguagcgacgaaaaaaaaauugucgcuacgauuucugcacgguu	chromosome_11:31580255..31580311:+
chromosome_10_90870	0	86 +/- 2%	-	18	18	0	0	yes	-	-	-	-	agguagugacaaaaaauaau	uaugucuguuacagug	uaugucuguuacaguggcauaccugccaagguagugacaaaaaauaau	chromosome_10:28786792..28786840:-
chromosome_14_157621	0	86 +/- 2%	-	9	9	0	0	yes	-	-	-	-	auuuuucgugguauucuuu	agaauaacaggagaaaccu	agaauaacaggagaaaccuuuuuuuuuuagauuuuucgugguauucuuu	chromosome_14:44060837..44060886:+
chromosome_14_184695	0	86 +/- 2%	-	78	78	0	0	yes	-	-	-	-	acuuuacuugugcgcuaucg	uuugcacacauaaugaggugg	acuuuacuugugcgcuaucgugucgguugcuuaaugauauguaaacacauuugcacacauaaugaggugg	chromosome_14:38600366..38600436:-
chromosome_10_80185	0	86 +/- 2%	-	6	6	0	0	yes	-	-	-	-	gccggggcuagauuacgucugcga	gcagacgaagcuaaacccuuacu	gcagacgaagcuaaacccuuacuagccggggcuagauuacgucugcga	chromosome_10:2028112..2028160:+
chromosome_14_187083	0	86 +/- 2%	-	7	7	0	0	yes	-	-	-	-	agacgucuuccucuggucg	accagagaaagacgucuaa	agacgucuuccucuggucgugcgcucccgaguaaugacgugcgaccagagaaagacgucuaa	chromosome_14:51996216..51996278:-
chromosome_3_15194	0	86 +/- 2%	-	7	3	0	4	yes	-	-	-	-	uuacccgugguuacccgu	acgaguaaccacagguaa	acgaguaaccacagguaaccaaaauaguugagaaacaagauacucuuauuccuuuuaauuuguuugguuacccgugguuacccgu	chromosome_3:12297804..12297889:+
chromosome_12_108569	0	86 +/- 2%	-	13	13	0	0	yes	-	-	-	-	agcaggucuaaguuuaugu	uugaacuugaacucugc	uugaacuugaacucugccaaacugcagcaggucuaaguuuaugu	chromosome_12:38683447..38683491:+



mature miRBase miRNAs detected by miRDeep2
tag id	miRDeep2 score	estimated probability that the miRNA is a true positive	rfam alert	total read count	mature read count	loop read count	star read count	significant randfold p-value	mature miRBase miRNA	example miRBase miRNA with the same seed	UCSC browser	NCBI blastn	consensus mature sequence	consensus star sequence	consensus precursor sequence	precursor coordinate
chromosome_5_34243	114	95 +/- 2%	-	221	220	0	1	yes	adi-nve-F-miR-2025_Acropora_digitifera__Praher_et_al._2021_NA	-	-	-	auuuuuagcccgcggaaguugc	aacuuucacugguuaaaaauucc	aacuuucacugguuaaaaauuccuuuaugugaauuuuuagcccgcggaaguugc	chromosome_5:26230036..26230090:+
chromosome_8_65169	27	95 +/- 2%	-	51	49	0	2	yes	miR-2030_Nematostella_vectensis_Moran_et_al._2014_NA	-	-	-	uagcauaacauuguaagagauc	ccucuugcacuguugugcugucc	uagcauaacauuguaagagaucuucauggccucuugcacuguugugcugucc	chromosome_8:4117902..4117954:-
chromosome_12_104666	2.4	95 +/- 1%	-	406	406	0	0	yes	spi-mir-temp-14_Stylophora_pistillata_Liew_et_al._2014_NA	-	-	-	caauguuucggcuuguuccc	gugcaagccgaaacauugua	caauguuucggcuuguucccguucuugggugcaagccgaaacauugua	chromosome_12:19826692..19826740:+
chromosome_7_58175	2.4	95 +/- 1%	-	23300	22740	0	560	yes	ola-miR-100_MIMAT0022614_Oryzias_latipes_miR-100	-	-	-	acccguagauccgaacuugu	acaaguucggcuccauggucc	acccguagauccgaacuugugggauuuuucuccacaaguucggcuccauggucc	chromosome_7:21599196..21599250:-
chromosome_6_43338	2.3	95 +/- 1%	-	30	30	0	0	yes	miR-9425_Nematostella_vectensis_Moran_et_al._2014_NA	-	-	-	aagaacacccaaaauagcugaa	cagcuauguugaguguucucau	aagaacacccaaaauagcugaauuuucuucagcuauguugaguguucucau	chromosome_6:21902755..21902806:+
chromosome_7_55076	2.2	95 +/- 1%	-	23	23	0	0	yes	eca-nve-F-miR-2036_Edwardsiella_carnea_Praher_et_al._2021_Transcriptome-level	-	-	-	uauauuguacgacucucaucgu	ggugaaagucgucucaauaaaca	ggugaaagucgucucaauaaacauuuuacuguauauuguacgacucucaucgu	chromosome_7:2303838..2303891:-
chromosome_4_29756	2.1	95 +/- 1%	-	134	134	0	0	yes	apa-mir-2050_Exaiptasia_pallida_Baumgarten_et_al._2017_miR-2050;_Nve;_Spis;_Adi	-	-	-	uuugauugcugugaucugguug	accugcucauugcaauuaaaga	accugcucauugcaauuaaagaucuuguuauguuugauugcugugaucugguug	chromosome_4:27098906..27098960:-
chromosome_14_161756	1.9	93 +/- 1%	-	65	52	0	13	yes	sca-nve-F-miR-2037-3p_Scolanthus_callimorphus_Praher_et_al._2021_Transcriptome-level	-	-	-	ugugauuggagacuuuuaucgu	ugaaagucuugaaucaagcu	ugaaagucuugaaucaagcucuuuaugaagugugauuggagacuuuuaucgu	chromosome_14:8601360..8601412:-
chromosome_12_110208	1.2	93 +/- 1%	-	77	77	0	0	yes	ami-nve-F-miR-2022-3p_Acropora_millepora_Praher_et_al._2021_NA	-	-	-	uuugcuaguugcuuuugucccguu	aaggcaaaagcuucaagcacaug	aaggcaaaagcuucaagcacauguuuaucauuugcuaguugcuuuugucccguu	chromosome_12:6479796..6479850:-
chromosome_6_43446	-12.9	0.93 +/- 0.01	-	663	663	0	0	no	bta-miR-2478_MIMAT0012070_Bos_taurus_miR-2478	-	-	-	aucccacuucugacacca	cuguccucuguggagauuc	cuguccucuguggagauucccugccuucuguggauccguaucccacuucugacacca	chromosome_6:22925850..22925907:+
